Title,Image,Pins
men outfits,https://i.pinimg.com/236x/0e/06/8e/0e068e317fb8de6fb06ee6c44dbf8938.jpg,https://www.pinterest.com/pin/24980972928095936/
The Ultimate Guide to Adidas Handball Spezial (All Colorways + Links),https://i.pinimg.com/236x/67/31/d7/6731d7c24e7a7e2d2d7da3022171afeb.jpg,https://www.pinterest.com/pin/946389309191205621/
,https://i.pinimg.com/236x/b7/71/cd/b771cdd2436a360257f3adc1eca91247.jpg,https://www.pinterest.com/pin/56646907807887256/
,https://i.pinimg.com/236x/44/89/23/4489232cd661009b5771ffab8e3f65bc.jpg,https://www.pinterest.com/pin/1196337403110559/
@Ly_r_a Men's fashion inspo,https://i.pinimg.com/236x/26/c1/9e/26c19e272d9dabb0785c26e4504e6648.jpg,https://www.pinterest.com/pin/331859066309453527/
,https://i.pinimg.com/236x/8c/0e/fb/8c0efb9409ffe60b63ba3ba1dee5a8f3.jpg,https://www.pinterest.com/pin/3096293489492180/
,https://i.pinimg.com/236x/e9/57/8a/e9578aa6ac20b43d4ee89a9f957c8725.jpg,https://www.pinterest.com/pin/10485011661525810/
Pinterest,https://i.pinimg.com/236x/94/90/66/949066942de4c39779e7a6aa53a10fca.jpg,https://www.pinterest.com/pin/396105729744334791/
Summer type fit,https://i.pinimg.com/236x/6b/81/f9/6b81f943842af45f73f6053ebc78edea.jpg,https://www.pinterest.com/pin/13370130137958011/
Summer Boy Outfit Inspo,https://i.pinimg.com/236x/3a/c0/78/3ac078a9b1eba3a310efd08fc10f2302.jpg,https://www.pinterest.com/pin/8233211827060075/
Oxford shirt,https://i.pinimg.com/236x/6f/19/77/6f197735af61193c40ae2578390bc42a.jpg,https://www.pinterest.com/pin/2392606046766721/
,https://i.pinimg.com/236x/15/ed/47/15ed47f043f8283f603fa945fc67c742.jpg,https://www.pinterest.com/pin/2955556000447968/
,https://i.pinimg.com/236x/8a/ca/7f/8aca7f76e847a247b487484aa6419ce8.jpg,https://www.pinterest.com/pin/4362930882267307/
,https://i.pinimg.com/236x/9b/af/14/9baf14288f3f66e5d796d841b29a5002.jpg,https://www.pinterest.com/pin/536702480609004967/
,https://i.pinimg.com/236x/5d/25/93/5d25939f4133e39c0da114dbfb9c45de.jpg,https://www.pinterest.com/pin/6966574419299188/
,https://i.pinimg.com/236x/8b/07/c3/8b07c3bb1a5ee2b71b492ddad838c625.jpg,https://www.pinterest.com/pin/18929260939188325/
,https://i.pinimg.com/236x/27/b2/44/27b244452ff498f0abfa7b2e72b63a03.jpg,https://www.pinterest.com/pin/4574037116281880/
,https://i.pinimg.com/236x/32/24/bf/3224bfc027299a84e3b06dc2dae40190.jpg,https://www.pinterest.com/pin/358317714122901222/
What to Wear in New York: 20+ Essential Fashion Tips for Every Season | New York Aesthetic,https://i.pinimg.com/236x/07/b7/5b/07b75b1b45fde25b5d38b767b2406fba.jpg,https://www.pinterest.com/pin/650699846192351892/
,https://i.pinimg.com/236x/85/7d/f7/857df750f80a0db6a6c910ddf847e92e.jpg,https://www.pinterest.com/pin/665055070006811877/
Explore Top 15 Men's Streetwear Outfits 2024: Urban Style Essentials & Fashion Forward Looks,https://i.pinimg.com/236x/95/44/4c/95444cdd60c02e87cadfb2a71be32db4.jpg,https://www.pinterest.com/pin/680043612516814397/
Youthful Summer Style: Polo and Cap Ensemble for Men,https://i.pinimg.com/236x/d5/35/7a/d5357a434a4bfcddedab0df58643c557.jpg,https://www.pinterest.com/pin/1407443628910227/
Kith Summer 2023 Delivery II Lookbook,https://i.pinimg.com/236x/11/08/fb/1108fb821918f81e08b1e1bb82057476.jpg,https://www.pinterest.com/pin/170644273374777816/
outfit,https://i.pinimg.com/236x/6b/ff/d3/6bffd355fb200b9b0045ffcfc6ba2838.jpg,https://www.pinterest.com/pin/43558321389751701/
Men's streetwear spring 2024: A vintage twist 16 ideas,https://i.pinimg.com/236x/ee/61/cd/ee61cd74672424fb093a8d2c2c820aa1.jpg,https://www.pinterest.com/pin/489836896991290488/
,https://i.pinimg.com/236x/bb/b7/d9/bbb7d981482da2bb068c7c1f56fd0c73.jpg,https://www.pinterest.com/pin/2392606047148136/
„Éâ„ÇØ„Çø„Éº„Éû„Éº„ÉÅ„É≥„ÅÆÂêç‰ΩúÔºì„Éõ„Éº„É´„Ç∑„É•„Éº„Ç∫„Äå1461„Äç„ÅÆÂ±•„Åç„Åì„Å™„ÅóÊñπ„ÇíÊµ∑Â§ñ„ÅÆÁùÄÈÅìÊ•Ω„Å´Â≠¶„Å∂„ÄÇ„É°„É≥„Ç∫„Ç≥„Éº„Éá‰∫ã‰æã„Å®„Åä„Åô„Åô„ÇÅ„Ç¢„Ç§„ÉÜ„É†„ÇíÂé≥ÈÅ∏Á¥π‰ªãÔºÅ | „É°„É≥„Ç∫„Éï„Ç°„ÉÉ„Ç∑„Éß„É≥„É°„Éá„Ç£„Ç¢ OTOKOMAE / Áî∑ÂâçÁ†îÁ©∂ÊâÄ,https://i.pinimg.com/236x/7a/0f/d1/7a0fd1d7c0f9ad34d215491bc7051cdf.jpg,https://www.pinterest.com/pin/1118722363667946607/
,https://i.pinimg.com/236x/3c/38/4c/3c384c1bfa9094042e9ff2261ea2a0f4.jpg,https://www.pinterest.com/pin/70437487609150/
,https://i.pinimg.com/236x/45/f4/28/45f4282d7e760ddb1d1e2396c7b45316.jpg,https://www.pinterest.com/pin/68747512091/
,https://i.pinimg.com/236x/15/c6/44/15c644026ea35493a476dcbd30085eea.jpg,https://www.pinterest.com/pin/6614730697575254/
,https://i.pinimg.com/236x/a7/7d/15/a77d1591eb96920670e699825929bbc6.jpg,https://www.pinterest.com/pin/1688918604616903/
Explore Top 17 Summer Outfits for Men: Trendy Streetwear Looks of 2024 - Get Inspired Now!,https://i.pinimg.com/236x/10/95/4a/10954a9a1b5e89814705a874ce79d52a.jpg,https://www.pinterest.com/pin/324188873194899419/
Top 10 Men's Summer Shorts Trends for 2024: Elevate Your Style,https://i.pinimg.com/236x/fd/1c/9e/fd1c9ebb9752cdb2883116468a77800d.jpg,https://www.pinterest.com/pin/514395588706968956/
,https://i.pinimg.com/236x/f9/dc/19/f9dc197280168697b927af3f03f46745.jpg,https://www.pinterest.com/pin/4362930883201347/
Mens Streetwear Outfit Inspiration üî• | Click For Jorts Link‚ÄºÔ∏è,https://i.pinimg.com/236x/f7/dc/e1/f7dce15a99bcc3d69e8236e9f3269ed2.jpg,https://www.pinterest.com/pin/505318020709847134/
Daniel Simmons style,https://i.pinimg.com/236x/2d/de/78/2dde788da5a7ae79a3b9ad628483ce52.jpg,https://www.pinterest.com/pin/52213676923382050/
Se√±or Daniel,https://i.pinimg.com/236x/74/84/29/7484296f989a2bf307cd9d64ab551c7c.jpg,https://www.pinterest.com/pin/46091596180165267/
,https://i.pinimg.com/236x/98/c9/c8/98c9c8a6cab8563096a6678d77237f5f.jpg,https://www.pinterest.com/pin/47639708552478267/
,https://i.pinimg.com/236x/af/db/9d/afdb9d27531f16c0cf45806980c720c7.jpg,https://www.pinterest.com/pin/103793966406045551/
Common Fashion Mistakes That Instantly Age Your Look,https://i.pinimg.com/236x/f7/49/bc/f749bcf8063a35c3657300a504c606df.jpg,https://www.pinterest.com/pin/13159023904957875/
Summer Streetwear Fit,https://i.pinimg.com/236x/d9/a5/49/d9a549a5dafa68e689c15abc22ae8737.jpg,https://www.pinterest.com/pin/9429480465431263/
Simple Outfit,https://i.pinimg.com/236x/40/ee/ab/40eeab199f44994b701c1e594bcc43bf.jpg,https://www.pinterest.com/pin/288230444920623586/
Cool & Aesthetic Winter Outfits Inspo For Men,https://i.pinimg.com/236x/1c/f4/aa/1cf4aab80fc6fc4ee240fe9c2913c89d.jpg,https://www.pinterest.com/pin/652177589823384708/
,https://i.pinimg.com/236x/8a/b9/37/8ab937c94160fee13ada6284c672c67e.jpg,https://www.pinterest.com/pin/15270086236346911/
,https://i.pinimg.com/236x/f9/2e/2e/f92e2ead486e280a6b42124f0629cdb2.jpg,https://www.pinterest.com/pin/15340454976423374/
Spring/Summer 24,https://i.pinimg.com/236x/dd/4b/e0/dd4be0f2c40f3adf4a2fcfabec4afdb9.jpg,https://www.pinterest.com/pin/785385622548360571/
Embrace Summer 2024 with Style: 20 Top Casual Outfits for Men Showcasing Classy Comfort,https://i.pinimg.com/236x/2b/1f/0e/2b1f0ed0e5318c1c8f1107d164af79e7.jpg,https://www.pinterest.com/pin/845128686355687845/
The 6 Best Spring Shirts for Men in 2023 | Blog Post,https://i.pinimg.com/236x/60/e7/84/60e7841d0e996b5646ce89a5079ec9f7.jpg,https://www.pinterest.com/pin/718605684327289893/
Men‚Äôs Fashion Spring 2024 16 ideas: From classy to casual style #12,https://i.pinimg.com/236x/51/4e/97/514e978ab9c6fd1f8999e367f14e3197.jpg,https://www.pinterest.com/pin/322922235800658541/
Street Style: 2024 Êò•Â§èÁ±≥Ëò≠ÊôÇË£ùÂë®Ë°óÊãçÁâπËºØ,https://i.pinimg.com/236x/69/31/34/69313495e6c2329daeb97a63343e06a2.jpg,https://www.pinterest.com/pin/686799011952600654/
,https://i.pinimg.com/236x/ea/2f/6f/ea2f6fb26af63a9dce8608ae096d1dc6.jpg,https://www.pinterest.com/pin/3096293489481154/
Casual outfit idea,https://i.pinimg.com/236x/b5/34/f7/b534f73d126458e2432446cf32481812.jpg,https://www.pinterest.com/pin/3377768467045080/
,https://i.pinimg.com/236x/89/00/51/890051357ed221bafa8aa0cbd40970d6.jpg,https://www.pinterest.com/pin/211174977710824/
,https://i.pinimg.com/236x/bd/8f/83/bd8f835b18bc6dd0060850c37abda634.jpg,https://www.pinterest.com/pin/6755468184632543/
,https://i.pinimg.com/236x/80/f7/e4/80f7e4d94fb17b8fabee38511eb4fe95.jpg,https://www.pinterest.com/pin/774124929240457/
The colour palette is everything,https://i.pinimg.com/236x/8a/eb/e8/8aebe807a6d7399afc8e356d762966cd.jpg,https://www.pinterest.com/pin/17099673581035962/
,https://i.pinimg.com/236x/30/80/99/308099d36bc5469a88f91a355b929c39.jpg,https://www.pinterest.com/pin/6122149487397355/
Daniel Simmons Outfit,https://i.pinimg.com/236x/2e/80/51/2e8051ac6edb8a5a0615ac38cd2d0787.jpg,https://www.pinterest.com/pin/698480223493381393/
,https://i.pinimg.com/236x/72/f8/d8/72f8d81517c5784de27a7f458eb1adbc.jpg,https://www.pinterest.com/pin/2392606046463580/
Paul Mescal at the Gucci Spring Summer 2025 Men's Fashion Show in Milan,https://i.pinimg.com/236x/d2/d2/bd/d2d2bdb7d5251646d63294cacd9b3c0e.jpg,https://www.pinterest.com/pin/1970393581601556/
,https://i.pinimg.com/236x/69/46/87/6946879d8376fb12eaac27eebb1a920a.jpg,https://www.pinterest.com/pin/1407443628602935/
,https://i.pinimg.com/236x/df/63/16/df63163385796eed6841c04573af66d0.jpg,https://www.pinterest.com/pin/27725353951002088/
,https://i.pinimg.com/236x/6a/22/bc/6a22bc9a61e74ea00235ede37ca72d74.jpg,https://www.pinterest.com/pin/1196337403141502/
Men's Shorts Guide 2024 15 Ideas: Summer and Streetwear,https://i.pinimg.com/236x/d1/15/d8/d115d89ac8a1776e4560137f9b8ec06d.jpg,https://www.pinterest.com/pin/390757705182739179/
,https://i.pinimg.com/236x/50/19/38/5019385564297020d779d63a49278418.jpg,https://www.pinterest.com/pin/2462974790999114/
,https://i.pinimg.com/236x/f9/23/21/f9232139cc6d77759bc41847296d6798.jpg,https://www.pinterest.com/pin/2322237300333086/
wes‚Äô introduction outfit,https://i.pinimg.com/236x/22/10/46/22104681956d161db2562cd9b83d2ccb.jpg,https://www.pinterest.com/pin/2814818511044727/
Poses for Instagram standing,https://i.pinimg.com/236x/e4/02/73/e40273d819c343e9706fb006a804f9fa.jpg,https://www.pinterest.com/pin/189010515615727836/
,https://i.pinimg.com/236x/e7/40/8f/e7408fd18483ae2850edf3e760667dd1.jpg,https://www.pinterest.com/pin/4362930882976997/
,https://i.pinimg.com/236x/b2/4e/fd/b24efd8c2c17de79f91e3760bedb5455.jpg,https://www.pinterest.com/pin/23362491812051289/
OODü©µü§ç,https://i.pinimg.com/236x/77/28/55/772855c99e447e884a373f1f6e5d28b5.jpg,https://www.pinterest.com/pin/281543724481659/
,https://i.pinimg.com/236x/dc/d6/52/dcd652b32c9df88ef13a5fb3dac1d30b.jpg,https://www.pinterest.com/pin/19773685857783865/
Friday I'm in Love,https://i.pinimg.com/236x/74/eb/6e/74eb6e08239b801de96b91a69edac42d.jpg,https://www.pinterest.com/pin/785385622547714777/
,https://i.pinimg.com/236x/b7/38/4e/b7384ed926bfd4ae8d6e9cf34333f0ce.jpg,https://www.pinterest.com/pin/229965124718714913/
What to wear to a 90s party | Best 90s Fashion Inspired Outfits Ideas,https://i.pinimg.com/236x/18/b2/ab/18b2abda2ef75e31ee685c89dedd0943.jpg,https://www.pinterest.com/pin/595108538295244775/
Discover 20 Trendsetting Fall Outfit Ideas for Men in 2024: From Classic to Contemporary Styles,https://i.pinimg.com/236x/17/24/77/172477596dd17af276a6b88324b40566.jpg,https://www.pinterest.com/pin/313633561570517543/
,https://i.pinimg.com/236x/a9/23/3b/a9233bece2e8be08dc841e17018306f8.jpg,https://www.pinterest.com/pin/2251868556831830/
,https://i.pinimg.com/236x/82/c7/ce/82c7ce3a63add38160be7a67897a4e13.jpg,https://www.pinterest.com/pin/71987294039382646/
Men‚Äôs Summer Fashion Must-Haves üöÄ,https://i.pinimg.com/236x/53/7e/4a/537e4af38c304261da6006cda2a257d8.jpg,https://www.pinterest.com/pin/42713896463865973/
,https://i.pinimg.com/236x/22/40/f8/2240f85fefc1c5ca171db6371919e2e2.jpg,https://www.pinterest.com/pin/200269514673152988/
,https://i.pinimg.com/236x/88/b5/b3/88b5b3d903b480947a5bf9b3d6beeac7.jpg,https://www.pinterest.com/pin/63894888471616763/
Devin Booker Net Worth: Career and Lifestyle [2024 Update],https://i.pinimg.com/236x/ef/de/e0/efdee0a96149775a2018a7442d52d426.jpg,https://www.pinterest.com/pin/777293216959071524/
Simple Outfit,https://i.pinimg.com/236x/b0/4c/24/b04c24116f282dc35c03f8980f7a18ff.jpg,https://www.pinterest.com/pin/477381629272114765/
Fits4Men on IG,https://i.pinimg.com/236x/60/2b/ce/602bce405cab5c234e2a629dabfb9b73.jpg,https://www.pinterest.com/pin/80361174594849072/
instagram: 99tanners,https://i.pinimg.com/236x/49/c3/1d/49c31db6b2cb1b78229b5b342781215d.jpg,https://www.pinterest.com/pin/5911043260504440/
,https://i.pinimg.com/236x/c2/10/0c/c2100ccdfc4dfe6d043974090a3d5601.jpg,https://www.pinterest.com/pin/165929567512450687/
,https://i.pinimg.com/236x/60/0c/50/600c501965fd6c7f7466c08a4c576c9c.jpg,https://www.pinterest.com/pin/146296687892503927/
,https://i.pinimg.com/236x/86/99/39/86993972efc8f02d76427fb54a252b5a.jpg,https://www.pinterest.com/pin/1759287347622392/
Daniel Simmons,https://i.pinimg.com/236x/97/20/25/972025ccb0b91edfe3bd4d667789acf5.jpg,https://www.pinterest.com/pin/591941944811330401/
,https://i.pinimg.com/236x/bb/ae/41/bbae4123018ea5504d56f034843105e4.jpg,https://www.pinterest.com/pin/1618549862914190/
15 Trendy and Cute Beach Outfits for Summer 2024 That You Can‚Äôt Miss! | Travel Outfits,https://i.pinimg.com/236x/ee/75/ab/ee75ab3feea47c3e15d5508c48873be7.jpg,https://www.pinterest.com/pin/884394445567690005/
Boston Clog Fit with Dupe Link!,https://i.pinimg.com/236x/37/c3/fa/37c3fa46bb567e1f6d6968935845daf7.jpg,https://www.pinterest.com/pin/1040542688902837975/
,https://i.pinimg.com/236x/a9/1d/92/a91d9272bf9c5d52935b0f6e0ea1edc0.jpg,https://www.pinterest.com/pin/3448137207923629/
,https://i.pinimg.com/236x/66/2e/3b/662e3bd3b64030f314dbb6541be21abf.jpg,https://www.pinterest.com/pin/881368589569339969/
,https://i.pinimg.com/236x/57/bd/16/57bd16b4f8a75b6f08e3aa54c4e864c2.jpg,https://www.pinterest.com/pin/7529524370251642/
Carhartt Outfit,https://i.pinimg.com/236x/1e/01/f7/1e01f7093bfce94fb941f503a74521ec.jpg,https://www.pinterest.com/pin/316518680078937278/
.by Imdanielsimmons,https://i.pinimg.com/236x/a1/b2/d7/a1b2d7448105107d272363c22e731817.jpg,https://www.pinterest.com/pin/1618549863281721/
Summer Vibes: Must-Have Clothing for Stylish Men,https://i.pinimg.com/236x/fc/55/f8/fc55f854617bc5b5f53c9ef1f0da563f.jpg,https://www.pinterest.com/pin/513058582564143053/
18 Men's Jeans with Loafers Outfits for 2024: A Blend of Comfort and Style,https://i.pinimg.com/236x/41/24/20/412420ff478d61702257e3f0205bc006.jpg,https://www.pinterest.com/pin/330099847707999304/
,https://i.pinimg.com/236x/d3/52/ef/d352ef910fcc087d2e043dbacd0c616d.jpg,https://www.pinterest.com/pin/4362930882267303/
London's about:blank Prepares for Summer With Relaxed Capsule Collection,https://i.pinimg.com/236x/d3/12/d8/d312d846ed27e47bbd8f7cfc49dcb99c.jpg,https://www.pinterest.com/pin/778841329332663033/
Men's Tank Tops Ideas: Streetwear with a Rugged Edge,https://i.pinimg.com/236x/df/c6/20/dfc62094ebb3e36d732f0cfba7a0a2a3.jpg,https://www.pinterest.com/pin/979603356447809645/
Men's Summer Fashion - Latest Trends in 2024 - OnPointFresh,https://i.pinimg.com/236x/ea/80/2b/ea802b3591dcc40ce0896d2ff6b29024.jpg,https://www.pinterest.com/pin/344103227799851155/
simple black jorts outfit,https://i.pinimg.com/236x/bb/cd/6b/bbcd6b52c7716f2e96276a4352466e28.jpg,https://www.pinterest.com/pin/106890191151697720/
,https://i.pinimg.com/236x/e4/b1/cf/e4b1cfdeafb69ff7f0a8c71d23eb766a.jpg,https://www.pinterest.com/pin/11540542792481691/
,https://i.pinimg.com/236x/48/73/1a/48731aa734b9022bdf6d569be2f4f432.jpg,https://www.pinterest.com/pin/51439620738456440/
Wide Pleated Pants | Men Outfit Guide,https://i.pinimg.com/236x/8d/c0/ca/8dc0ca55d6918751484cb41044e934fa.jpg,https://www.pinterest.com/pin/580964420716800297/
Leather Jacket Outfit,https://i.pinimg.com/236x/b9/d1/96/b9d196573b15039f7109a9255d7e05ed.jpg,https://www.pinterest.com/pin/834995587199585619/
Gaetano Arena,https://i.pinimg.com/236x/f6/9b/b7/f69bb727dc475714b1810e7ed4c53ee1.jpg,https://www.pinterest.com/pin/15270086236852916/
summer outfit inspo,https://i.pinimg.com/236x/c0/77/18/c0771840612bb363d868ccde525351a4.jpg,https://www.pinterest.com/pin/74098356363771358/
Isaa Chudson,https://i.pinimg.com/236x/94/d2/b8/94d2b8c950ca3ae312c9b77fa2f03bd2.jpg,https://www.pinterest.com/pin/7177680650483701/
,https://i.pinimg.com/236x/56/68/e9/5668e95f31758467357d4b5797144096.jpg,https://www.pinterest.com/pin/27866091440224666/
,https://i.pinimg.com/236x/6b/92/84/6b9284ca3c447616d54cc36d05a58a70.jpg,https://www.pinterest.com/pin/1759287347702213/
,https://i.pinimg.com/236x/e9/fc/88/e9fc88c71b446f2787713c6985425b55.jpg,https://www.pinterest.com/pin/43065740180338080/
,https://i.pinimg.com/236x/e6/77/7a/e6777a2f275901a562077f600dd71992.jpg,https://www.pinterest.com/pin/2322237301827613/
,https://i.pinimg.com/236x/3d/17/a0/3d17a05d8b9937b6e81ee478653c2819.jpg,https://www.pinterest.com/pin/1196337403249512/
,https://i.pinimg.com/236x/d5/42/73/d542736620c6e44501e8bd8e58c25976.jpg,https://www.pinterest.com/pin/774124928958435/
,https://i.pinimg.com/236x/ba/c4/69/bac46974c3afe81948671bb9d20e0a83.jpg,https://www.pinterest.com/pin/3448137209251214/
The Best Adidas Samba Alternatives in 2024 - Blogpost,https://i.pinimg.com/236x/7c/c1/fe/7cc1fe0f5bf40091659da0e6042f97bf.jpg,https://www.pinterest.com/pin/674484481729123478/
??/20,https://i.pinimg.com/236x/55/bf/1c/55bf1c3326186a4b892aaa53305db024.jpg,https://www.pinterest.com/pin/73746512642272848/
,https://i.pinimg.com/236x/69/90/cc/6990ccc183defc6c03d3ebf8f027acbf.jpg,https://www.pinterest.com/pin/25121710417116020/
Summer Outfit Inspo,https://i.pinimg.com/236x/f9/93/8c/f9938c3ca69aed0542a7b3b357e6b51b.jpg,https://www.pinterest.com/pin/17381148555835913/
What men are wearing this spring by Shannon Flanders,https://i.pinimg.com/236x/44/a7/21/44a72109067682d420435f19f071fcb7.jpg,https://www.pinterest.com/pin/346777240076781597/
,https://i.pinimg.com/236x/e9/26/f9/e926f97814f179e1feeb35c0468b7964.jpg,https://www.pinterest.com/pin/211174977710819/
,https://i.pinimg.com/236x/a4/49/c1/a449c15ba801b0fba7039732ed3cc469.jpg,https://www.pinterest.com/pin/3448137208103948/
@imdanielsimmons,https://i.pinimg.com/236x/1f/97/a9/1f97a98f48b8228cc61074c79960026f.jpg,https://www.pinterest.com/pin/5981411999536256/
,https://i.pinimg.com/236x/7a/38/f3/7a38f36239c8e18cec2d31cc665d92a2.jpg,https://www.pinterest.com/pin/6825836927831999/
Men's street style guide for spring 2024 16 ideas,https://i.pinimg.com/236x/a2/6a/db/a26adb13616347c4793fabba7678bcc4.jpg,https://www.pinterest.com/pin/93660867244539068/
Basic spring outfits men‚Äôs streetwear 2024 16 ideas #1,https://i.pinimg.com/236x/3d/1f/17/3d1f178570a909093200c2983152617c.jpg,https://www.pinterest.com/pin/141581982030523210/
,https://i.pinimg.com/236x/11/81/94/1181949e94157ea920605f055af89bf1.jpg,https://www.pinterest.com/pin/18507048462234790/
simple summer outfit,https://i.pinimg.com/236x/dd/99/44/dd99443d5d65d72167bfc0ecf57d8cf8.jpg,https://www.pinterest.com/pin/75646468736921875/
,https://i.pinimg.com/236x/89/3d/68/893d6843bf90e9cd150c15f6ee25165a.jpg,https://www.pinterest.com/pin/281543724481699/
Summer time outfits 2024,https://i.pinimg.com/236x/d4/1e/84/d41e84d3d627d0903cc49aadf8c5f4ad.jpg,https://www.pinterest.com/pin/8936899256680933/
,https://i.pinimg.com/236x/a9/3d/23/a93d23085f673e176c4a9f95c56dba7c.jpg,https://www.pinterest.com/pin/463800461644547895/
summer outfit ideas | summer outfits inspiration | shorts | streetwear | street styles | Boots |,https://i.pinimg.com/236x/3f/1b/24/3f1b24a3f5db48a0b83a1ea0aaab070b.jpg,https://www.pinterest.com/pin/62698619806102464/
,https://i.pinimg.com/236x/80/dd/b2/80ddb23311ac020c3f81cf174ec3e57e.jpg,https://www.pinterest.com/pin/3518505950567280/
brad pitt x triplezzy,https://i.pinimg.com/236x/25/8b/e2/258be29b71c1c40ff2915ecccd09764e.jpg,https://www.pinterest.com/pin/856035841705372087/
"Heat Waves, Style Saves: Dapper Dudes of Summer",https://i.pinimg.com/236x/5b/88/a5/5b88a558c5e21ab56a83ae0d88a4c673.jpg,https://www.pinterest.com/pin/858006166536426145/
Manu,https://i.pinimg.com/236x/05/55/a4/0555a426bcf87fe766c5e4ef4bea67b5.jpg,https://www.pinterest.com/pin/140806231811853/
,https://i.pinimg.com/236x/47/f7/40/47f740f9de1d8c46c448f53a5b1af14c.jpg,https://www.pinterest.com/pin/140806231811869/
,https://i.pinimg.com/236x/02/51/81/0251816006349d450ddc01b053cd4510.jpg,https://www.pinterest.com/pin/19281104650930994/
Fits Inspo,https://i.pinimg.com/236x/bb/db/f3/bbdbf333d44ca7bd633d26af111eb7c2.jpg,https://www.pinterest.com/pin/211174977481626/
,https://i.pinimg.com/236x/33/1c/40/331c40a9647aada3dd25fb94e410ed9c.jpg,https://www.pinterest.com/pin/11118330327815789/
The Best Street Style from Pitti Uomo,https://i.pinimg.com/236x/f1/1c/1f/f11c1f8b9b5a928a4214b16bcf0f7582.jpg,https://www.pinterest.com/pin/758504762254537794/
edgyalbert,https://i.pinimg.com/236x/53/2e/be/532ebeda856deb106488d0d9afd4658e.jpg,https://www.pinterest.com/pin/140806233304707/
Summer fit,https://i.pinimg.com/236x/7d/82/10/7d82107c833dd3e4358133a38f46fe12.jpg,https://www.pinterest.com/pin/542050505168585326/
VORTEX8„Ç™„É≥„ÇπÔºàMVSÂ§©Á´∫Ôºâ„Ç§„Éº„Ç∏„Éº„Éô„Ç§„Ç´„Éº„É≠„Éº„É´„Ç¢„ÉÉ„Éó„Ç∑„Éß„Éº„ÉÑ„ÄêMADE IN JAPAN„Äë„ÄéÊó•Êú¨Ë£Ω„Äè/ Upscape Audience,https://i.pinimg.com/236x/d5/26/60/d52660203bbebba70b7411a42c9a8352.jpg,https://www.pinterest.com/pin/75013150036717479/
,https://i.pinimg.com/236x/51/bc/51/51bc51d13be0a3842713a4151957a598.jpg,https://www.pinterest.com/pin/73324300183275356/
DS summer vibes,https://i.pinimg.com/236x/08/cb/84/08cb84f634b42d954006f835d4014c01.jpg,https://www.pinterest.com/pin/13440498882270056/
,https://i.pinimg.com/236x/ce/d0/49/ced04966250dfe63c7c9ccb406d71100.jpg,https://www.pinterest.com/pin/140806233113579/
,https://i.pinimg.com/236x/5e/fb/fc/5efbfc8127a2656559d1edd48c1c3f83.jpg,https://www.pinterest.com/pin/342484746679373506/
,https://i.pinimg.com/236x/f0/e8/e1/f0e8e1bf30a5b16067fc605c501b03ee.jpg,https://www.pinterest.com/pin/4925880835323829/
Mens crop tops,https://i.pinimg.com/236x/49/83/34/498334548e15559fcd479aef14daa424.jpg,https://www.pinterest.com/pin/1125968651584434/
,https://i.pinimg.com/236x/8c/46/18/8c461811ea46cb6a5f65c1f033248581.jpg,https://www.pinterest.com/pin/14566398792226900/
Men's Clothing Online Stores: Cheap Casual Clothes For Men,https://i.pinimg.com/236x/ab/79/2b/ab792b3da0848734717d9282452442c9.jpg,https://www.pinterest.com/pin/93590498500906920/
@ùöûùöóùöíùöèùöòùöõùöñùöçùöíùöúùöôùöïùöäùö¢ ùöòùöó ùöíùöê :),https://i.pinimg.com/236x/e1/f1/67/e1f167f6cee6c57717bb1816296de57e.jpg,https://www.pinterest.com/pin/2533343534993844/
,https://i.pinimg.com/236x/76/51/5f/76515f2e1ab60e1889af6917d106936e.jpg,https://www.pinterest.com/pin/341358846775266708/
,https://i.pinimg.com/236x/0f/c7/a0/0fc7a0c10178ce982918b25465f86735.jpg,https://www.pinterest.com/pin/281543724487537/
Embrace 2024's Summer with Trendsetting Men's Outfits: Casual to Classy Street Styles Unveiled,https://i.pinimg.com/236x/61/13/ca/6113caf873051f1b19062996bdccd24f.jpg,https://www.pinterest.com/pin/387450374208242187/
,https://i.pinimg.com/236x/7a/43/3e/7a433e796b05def3ca8ffe9e0c9ccdaa.jpg,https://www.pinterest.com/pin/484207397456574895/
,https://i.pinimg.com/236x/1b/a4/77/1ba477c0d61283581196d21f314c6739.jpg,https://www.pinterest.com/pin/1337074887317505/
about:blank | drop:six lookbook,https://i.pinimg.com/236x/62/ef/3b/62ef3be4256fb9f55dad088891d10a38.jpg,https://www.pinterest.com/pin/857865429047959906/
Men's Shorts Outfit Guide 2024: From Streetwear to Formal Summer Looks,https://i.pinimg.com/236x/2a/04/22/2a04220ccdd9fe5f09aa6963729a0d36.jpg,https://www.pinterest.com/pin/886646245381871500/
,https://i.pinimg.com/236x/30/89/8d/30898dedc52094b08a682675cfb65953.jpg,https://www.pinterest.com/pin/2111131071891172/
,https://i.pinimg.com/236x/9a/b5/b1/9ab5b1031691e40ce4fa5da7100b0cf2.jpg,https://www.pinterest.com/pin/8162843068542221/
,https://i.pinimg.com/236x/56/6f/65/566f65fb7488b3d6e2bc7a43046255bc.jpg,https://www.pinterest.com/pin/140806232550110/
,https://i.pinimg.com/236x/27/3f/6e/273f6eec7a7a27e623dc1a47331a9f75.jpg,https://www.pinterest.com/pin/65935582037223852/
about that,https://i.pinimg.com/236x/dd/88/9a/dd889aaa33a2e0f18c720c208063fd4a.jpg,https://www.pinterest.com/pin/71283606600348407/
Brederodi ‚òΩ,https://i.pinimg.com/236x/24/53/3a/24533ad6cad86022a628557b2e7a9f73.jpg,https://www.pinterest.com/pin/297026537940473915/
ootd,https://i.pinimg.com/236x/b0/8d/ca/b08dca4d25a8195d1e4409cfe2388d83.jpg,https://www.pinterest.com/pin/15692298696844975/
Neutral Mens Spring Outfit with Adidas Samba - davidelliottstyle.com,https://i.pinimg.com/236x/00/51/b0/0051b054b9fdbc7a5e27bd78ee36cdc1.jpg,https://www.pinterest.com/pin/1089589703597155375/
Â§è„ÅÆÁùÄ„Åì„Å™„Åó„Éí„É≥„ÉàÊ∫ÄËºâÔºÅ„Éî„ÉÉ„ÉÜ„Ç£ „Ç¶„Ç™„É¢ 96„ÅÆÊúÄÊó¨„Ç≥„Éº„ÉáÁâπÈõÜ„ÄêÁ¨¨ÔºìÂºæ„Äë | „É°„É≥„Ç∫„Éï„Ç°„ÉÉ„Ç∑„Éß„É≥„É°„Éá„Ç£„Ç¢ OTOKOMAE / Áî∑ÂâçÁ†îÁ©∂ÊâÄ,https://i.pinimg.com/236x/cc/62/1d/cc621d72ce5cd1f5134d5b43ee1d4896.jpg,https://www.pinterest.com/pin/444026844523831318/
,https://i.pinimg.com/236x/e2/1b/ff/e21bfff7215b5d1e81f74d6e2fbea072.jpg,https://www.pinterest.com/pin/38984353016214459/
sadiq desh,https://i.pinimg.com/236x/d7/e2/95/d7e295ceeb38cc3610221446edc36265.jpg,https://www.pinterest.com/pin/3518505952241694/
,https://i.pinimg.com/236x/55/fc/97/55fc97a55fb1ca7852910dd922f3561a.jpg,https://www.pinterest.com/pin/68746931972/
Men's all-black outfits: From casual to formal elegance 15 ideas,https://i.pinimg.com/236x/b6/9f/02/b69f027e44303733f20dce0bf8a3b0f3.jpg,https://www.pinterest.com/pin/383509724536137527/
,https://i.pinimg.com/236x/a2/32/a0/a232a0fd17e41a13f6318e455b1b6b25.jpg,https://www.pinterest.com/pin/11540542792357418/
,https://i.pinimg.com/236x/38/b1/53/38b153d0cff4784d491c2d548c0f3cfa.jpg,https://www.pinterest.com/pin/19421842137848069/
ü•ñ @luisjcorrales,https://i.pinimg.com/236x/1c/b6/8e/1cb68eccfe8559cb1bbfdf29dcf8ccd2.jpg,https://www.pinterest.com/pin/110197522125845416/
,https://i.pinimg.com/236x/20/b9/40/20b94045f9cc23782e928ec22f2926f1.jpg,https://www.pinterest.com/pin/13440498882409916/
,https://i.pinimg.com/236x/ac/54/68/ac5468e495f66baf2725c49ad2fd715b.jpg,https://www.pinterest.com/pin/30258628743498169/
,https://i.pinimg.com/236x/ed/7a/91/ed7a91c30d1d56091e95985d65834723.jpg,https://www.pinterest.com/pin/2744449767428000/
,https://i.pinimg.com/236x/92/a9/12/92a91202748fe12748ac1031a07ddf1d.jpg,https://www.pinterest.com/pin/1970393581157079/
Outfit,https://i.pinimg.com/236x/7e/81/28/7e81282dda0d03316ff659fe75a524f6.jpg,https://www.pinterest.com/pin/422281209642047/
Top 25 Men's Party Outfits: Bold Trends & Stylish Wardrobe Ideas - Elevate Your Party Look,https://i.pinimg.com/236x/7b/64/4d/7b644d5e354ff2d076b26372fee93001.jpg,https://www.pinterest.com/pin/606086062384275821/
Devin Booker,https://i.pinimg.com/236x/57/71/c0/5771c016625e343e82668d69cbf7b094.jpg,https://www.pinterest.com/pin/9851692929030825/
,https://i.pinimg.com/236x/88/9c/4c/889c4c597b9e37d794f93422a331482e.jpg,https://www.pinterest.com/pin/361976888819910976/
,https://i.pinimg.com/236x/bb/2c/7f/bb2c7ffa7618cf873afa124849dd7950.jpg,https://www.pinterest.com/pin/5207355812107199/
,https://i.pinimg.com/236x/54/f0/cb/54f0cbb5d7d82b8bc559d8bd18e358e9.jpg,https://www.pinterest.com/pin/1759287346950585/
,https://i.pinimg.com/236x/a7/05/6e/a7056e0c685e46be46c6e0a2ac05630e.jpg,https://www.pinterest.com/pin/84794405480095544/
@ùöûùöóùöíùöèùöòùöõùöñùöçùöíùöúùöôùöïùöäùö¢ ùöòùöó ùöíùöê :),https://i.pinimg.com/236x/8b/d2/bb/8bd2bb376f101ebe2cf5575ec7fe6ea8.jpg,https://www.pinterest.com/pin/1759287346950584/
20+ Summer time Outfit Males for 2024 We See All Over Pinterest 48,https://i.pinimg.com/236x/55/69/d7/5569d7eecf710d72ee2c271ff22ea551.jpg,https://www.pinterest.com/pin/973059063232172181/
,https://i.pinimg.com/236x/1e/3c/be/1e3cbe9291e548261d698c9289007b35.jpg,https://www.pinterest.com/pin/914862419333986/
,https://i.pinimg.com/236x/36/69/27/36692756ccee42ee3c96f8c1d6133640.jpg,https://www.pinterest.com/pin/2674081023413514/
Men‚Äôs Shirt Trends 2024: From vintage to modern chic 16 ideas #1,https://i.pinimg.com/236x/20/3d/2e/203d2e9f744c1a53fb76dd9635a0be63.jpg,https://www.pinterest.com/pin/872291021569643236/
,https://i.pinimg.com/236x/5a/2d/08/5a2d08ed843372381ab379621584e02b.jpg,https://www.pinterest.com/pin/914862417602717/
,https://i.pinimg.com/236x/ae/97/fd/ae97fd3ccc64b15c4ebebc6e7bd725fd.jpg,https://www.pinterest.com/pin/6966574419305580/
drop:one | autum:winter '23,https://i.pinimg.com/236x/10/9a/aa/109aaaa75e39c771bb7d1943976fdf4f.jpg,https://www.pinterest.com/pin/289848926036761365/
,https://i.pinimg.com/236x/bc/04/40/bc044014f039444f763027f4da72554a.jpg,https://www.pinterest.com/pin/107382772360960626/
,https://i.pinimg.com/236x/f0/cf/eb/f0cfebe81cebaec1f7e01c0e1cf0ea23.jpg,https://www.pinterest.com/pin/10485011651187080/
Frank,https://i.pinimg.com/236x/1e/ba/cc/1ebaccbff3fd5882515dd8da9df42236.jpg,https://www.pinterest.com/pin/12173861487546993/
,https://i.pinimg.com/236x/17/9e/e1/179ee137b049372e99fbee9f6c5a0797.jpg,https://www.pinterest.com/pin/458874649553280022/
,https://i.pinimg.com/236x/d9/fc/f0/d9fcf049e4c654e8b913c43add1c3e1e.jpg,https://www.pinterest.com/pin/2885187251180174/
,https://i.pinimg.com/236x/7d/90/87/7d908751fa2e35ee75e3cdea8836c82d.jpg,https://www.pinterest.com/pin/45739752461456008/
,https://i.pinimg.com/236x/25/fd/df/25fddf4d1fca83bfdfa67c2111fb98bc.jpg,https://www.pinterest.com/pin/7248049394862310/
,https://i.pinimg.com/236x/de/2c/8e/de2c8ea1391ae803b47bdd0e63139663.jpg,https://www.pinterest.com/pin/211174977615431/
,https://i.pinimg.com/236x/62/3e/f2/623ef25b5bd79154353ac08ac5c89086.jpg,https://www.pinterest.com/pin/6051780743004488/
O estilo do Paul Mescal: uma carta de amor para os shorts curtos,https://i.pinimg.com/236x/c1/b5/e7/c1b5e722c3e639672c9ec1eb45c04dc8.jpg,https://www.pinterest.com/pin/695172892516909949/
Men‚Äôs Fashion Spring 2024 16 ideas: Trends for all occasions #2,https://i.pinimg.com/236x/da/aa/82/daaa82380550b8bdbb64da39965b9a9f.jpg,https://www.pinterest.com/pin/872291021571021056/
Nathan McCallum,https://i.pinimg.com/236x/cd/3b/68/cd3b68d9ab2af7352c9e3688df1665ed.jpg,https://www.pinterest.com/pin/4996249582205000/
Karolis Inokaitis | Fashion Model,https://i.pinimg.com/236x/f1/a7/cc/f1a7cc0f2a8c4335b2dcd593fb42014d.jpg,https://www.pinterest.com/pin/348043877469083883/
,https://i.pinimg.com/236x/fe/3a/61/fe3a61195bc282dfd3d823d52ec0eb95.jpg,https://www.pinterest.com/pin/774124928917576/
about that,https://i.pinimg.com/236x/50/7f/2d/507f2d9f714d4a0725c9f98569c5d0c7.jpg,https://www.pinterest.com/pin/281543724481694/
,https://i.pinimg.com/236x/63/76/95/63769578623d957fb9d0a7e12b46f261.jpg,https://www.pinterest.com/pin/153474299796727921/
,https://i.pinimg.com/236x/0a/56/fc/0a56fcf4b5e8bd3ecc151a5d64a02ee7.jpg,https://www.pinterest.com/pin/4151824649607008/
,https://i.pinimg.com/236x/ab/27/eb/ab27eb8f99f9dc988a139275bedfaf47.jpg,https://www.pinterest.com/pin/65865213294093572/
,https://i.pinimg.com/236x/29/a6/21/29a621c68023ca419537709061cba712.jpg,https://www.pinterest.com/pin/147844800261980187/
,https://i.pinimg.com/236x/d6/3f/4a/d63f4aaf2d6fcd74b8389a1add9cefcc.jpg,https://www.pinterest.com/pin/89931323802701806/
,https://i.pinimg.com/236x/93/5c/a0/935ca01b17165dc2cfbc949ea8121763.jpg,https://www.pinterest.com/pin/32580797300546236/
,https://i.pinimg.com/236x/d2/4d/25/d24d25483374feddbdaeae637620c3f1.jpg,https://www.pinterest.com/pin/2392606047177276/
,https://i.pinimg.com/236x/11/75/f0/1175f08ea9c7b96f520bdbec6e875eda.jpg,https://www.pinterest.com/pin/60657926225596281/
,https://i.pinimg.com/236x/e3/38/98/e33898966a78125da1f6456c76cca121.jpg,https://www.pinterest.com/pin/35184440831939405/
COMFORT AND LUXURIOUS MEETING: BOTTEGA VENETA ANDIAMO,https://i.pinimg.com/236x/9f/8d/b2/9f8db2a4d91328607f8e1cfcb7fbe442.jpg,https://www.pinterest.com/pin/85427724175048538/
,https://i.pinimg.com/236x/57/0d/d6/570dd67277f36baa16aea09e0fd17702.jpg,https://www.pinterest.com/pin/21673641951297582/
,https://i.pinimg.com/236x/40/c9/0c/40c90cc1657b87ac4e4cb44476a513b2.jpg,https://www.pinterest.com/pin/575827502372963285/
,https://i.pinimg.com/236x/a4/02/0d/a4020d491c9d12933c038af32922dcac.jpg,https://www.pinterest.com/pin/12455336469567650/
Permanent Style,https://i.pinimg.com/236x/62/e1/a7/62e1a72e36ec464a26470fb7c04fe771.jpg,https://www.pinterest.com/pin/760756562055568669/
,https://i.pinimg.com/236x/ae/dc/30/aedc30b438d13c1233e5eef7180a1439.jpg,https://www.pinterest.com/pin/30751209951545661/
thanossnapped,https://i.pinimg.com/236x/4a/eb/eb/4aebebb92d5b4fab7ba019ca487ad5f6.jpg,https://www.pinterest.com/pin/13440498882605466/
,https://i.pinimg.com/236x/05/fb/df/05fbdfde0b21a7b47a2e61ce73231330.jpg,https://www.pinterest.com/pin/66287425760488361/
,https://i.pinimg.com/236x/1c/6a/e1/1c6ae1e46743e812efa0a9da95c685c3.jpg,https://www.pinterest.com/pin/12736811441215460/
,https://i.pinimg.com/236x/c6/9a/16/c69a160fa12c86873fe03b943d351a18.jpg,https://www.pinterest.com/pin/13721973859979836/
Street fashion,https://i.pinimg.com/236x/32/50/56/32505656f60d49ecd3e63ec3de9a13eb.jpg,https://www.pinterest.com/pin/768919336408187430/
üíå,https://i.pinimg.com/236x/bb/3f/67/bb3f672081de2595c34f0e38fc2b579c.jpg,https://www.pinterest.com/pin/5559199535716977/
,https://i.pinimg.com/236x/22/d2/87/22d287697e766362bdf0dbe1cee346ed.jpg,https://www.pinterest.com/pin/3307399720744605/
,https://i.pinimg.com/236x/27/2a/b2/272ab248bc625a8a544181bad1902bc6.jpg,https://www.pinterest.com/pin/10907224092074097/
Shirts - All Navigation,https://i.pinimg.com/236x/6d/8e/e8/6d8ee869b898206ea5c5b2787a01f9d6.jpg,https://www.pinterest.com/pin/66287425760587739/
20+ Baggy Jeans Outfits 2024 That Are All Over Pinterest 83,https://i.pinimg.com/236x/dc/1e/37/dc1e375f73fde98aca5d8c955d8035f0.jpg,https://www.pinterest.com/pin/527906387591281894/
@imdanielsimmons,https://i.pinimg.com/236x/51/3e/5b/513e5b320ecf748c6f2c5595bc0130c7.jpg,https://www.pinterest.com/pin/914862420451508/
,https://i.pinimg.com/236x/52/6e/74/526e743fb5e6d7a96f3bffb6e467e738.jpg,https://www.pinterest.com/pin/2322237300664924/
,https://i.pinimg.com/236x/e6/72/c9/e672c9fe478daac0019c9235e3a9794c.jpg,https://www.pinterest.com/pin/1266706139466869/
,https://i.pinimg.com/236x/26/ce/9d/26ce9d93b61d1e225e4efb4b53cab206.jpg,https://www.pinterest.com/pin/10203536650234244/
cropped shirt,https://i.pinimg.com/236x/45/7c/83/457c832064e1cd063990290ffe54fe7d.jpg,https://www.pinterest.com/pin/3799980929812941/
,https://i.pinimg.com/236x/96/2b/55/962b552b1e769e919e0c5f28927ffccd.jpg,https://www.pinterest.com/pin/15058979998087335/
,https://i.pinimg.com/236x/6b/ab/2b/6bab2ba3ffbe3f719e037d639662314a.jpg,https://www.pinterest.com/pin/136022851238676587/
,https://i.pinimg.com/236x/d7/3c/87/d73c87ea4c7f1dbb0b5707001f888d87.jpg,https://www.pinterest.com/pin/422281210576641/
thanossnapped,https://i.pinimg.com/236x/31/2f/6e/312f6e4981b01a6d7a79c76b38af7ec4.jpg,https://www.pinterest.com/pin/2603712281053504/
,https://i.pinimg.com/236x/d6/82/86/d682868f1bd580d2f25942043b6f9c55.jpg,https://www.pinterest.com/pin/6051780744096035/
,https://i.pinimg.com/236x/6f/d2/65/6fd265901618fe32cfed6fe3adbc4c7c.jpg,https://www.pinterest.com/pin/25473554136182013/
,https://i.pinimg.com/236x/81/f9/f2/81f9f2b5bd04d894a370bbe2df82a900.jpg,https://www.pinterest.com/pin/158963061842382294/
,https://i.pinimg.com/236x/3c/d1/aa/3cd1aa6dcef3f9efad864453418cb38a.jpg,https://www.pinterest.com/pin/4925880836669218/
,https://i.pinimg.com/236x/11/db/40/11db405e0e563a103d5517bf60b71a03.jpg,https://www.pinterest.com/pin/2885187252282832/
,https://i.pinimg.com/236x/c7/5e/7b/c75e7bdbfbaeaddb78545136e877a187.jpg,https://www.pinterest.com/pin/1618549860311140/
,https://i.pinimg.com/236x/0a/32/08/0a3208f6add1fadca8f27c0855824ae2.jpg,https://www.pinterest.com/pin/2603712280765973/
,https://i.pinimg.com/236x/e4/7e/c3/e47ec32298cf4a26af5e0fe29d0f1972.jpg,https://www.pinterest.com/pin/1337074887168280/
,https://i.pinimg.com/236x/16/0d/55/160d5505a51e8b22d2737a54141aa8fe.jpg,https://www.pinterest.com/pin/3870349673453084/
Vans,https://i.pinimg.com/236x/08/59/a2/0859a215d67d3f9952ab9fbc92ef88b8.jpg,https://www.pinterest.com/pin/29062360089045992/
business casual black men outfit,https://i.pinimg.com/236x/93/f3/e7/93f3e7197be2d64e3f3315bc195535b5.jpg,https://www.pinterest.com/pin/68746930405/
,https://i.pinimg.com/236x/03/11/15/0311154cafb4f143880084a5a5efef8f.jpg,https://www.pinterest.com/pin/68747341641/
,https://i.pinimg.com/236x/9b/26/20/9b2620a5584120b1ca96ac2f88cb9515.jpg,https://www.pinterest.com/pin/8936899256655284/
,https://i.pinimg.com/236x/2f/e4/41/2fe441057535fa26dfc9f6bee9dee583.jpg,https://www.pinterest.com/pin/18225573487112421/
Dumpü¶é,https://i.pinimg.com/236x/71/eb/98/71eb98b7d0ab4a2bcf84bfa6ce4366fb.jpg,https://www.pinterest.com/pin/17099673581291821/
,https://i.pinimg.com/236x/6d/c9/73/6dc973427fec329f56edcb3428dd42b5.jpg,https://www.pinterest.com/pin/4362930883136083/
,https://i.pinimg.com/236x/e3/06/e4/e306e46d1c68ba6fd6d1cc53ec5e4c5d.jpg,https://www.pinterest.com/pin/11047961580548111/
,https://i.pinimg.com/236x/bd/7f/e5/bd7fe5b553cf4e98f5d8b0b1be250873.jpg,https://www.pinterest.com/pin/211174977481625/
,https://i.pinimg.com/236x/35/86/37/3586370ed9470f51372b5cc479e8f9d9.jpg,https://www.pinterest.com/pin/102316222777686712/
,https://i.pinimg.com/236x/a9/63/20/a9632017d54fd57dc1877eff5a097bd8.jpg,https://www.pinterest.com/pin/294915475616470165/
,https://i.pinimg.com/236x/18/c4/21/18c421744d08d88086ad934b943f8931.jpg,https://www.pinterest.com/pin/7036943160994007/
,https://i.pinimg.com/236x/2d/0b/bb/2d0bbbd9a3eeb32d5bfddcb82f5fb08a.jpg,https://www.pinterest.com/pin/281543724100749/
all black,https://i.pinimg.com/236x/fb/f3/66/fbf36692620fec241f51bfe4258d0de5.jpg,https://www.pinterest.com/pin/1407443628010044/
Justin Bieber,https://i.pinimg.com/236x/3e/1f/db/3e1fdb0fece505490c27d59d5c3c06d9.jpg,https://www.pinterest.com/pin/528680443777514544/
,https://i.pinimg.com/236x/94/b9/e8/94b9e8180464a8b3cc1eee8da4bfe49b.jpg,https://www.pinterest.com/pin/7810999348234203/
,https://i.pinimg.com/236x/a6/d6/f0/a6d6f03cb5f6a8fad25c214224ad40ff.jpg,https://www.pinterest.com/pin/30258628744010960/
insta @hunts.er,https://i.pinimg.com/236x/8c/af/3d/8caf3d9c219c0c1b853b3e8cdc8b8180.jpg,https://www.pinterest.com/pin/76772368642109675/
,https://i.pinimg.com/236x/07/be/96/07be96feea7934ff3dad2f8f593a5d77.jpg,https://www.pinterest.com/pin/5770305766898833/
Baema T Boa | Artisanal | Fashion | Made in France,https://i.pinimg.com/236x/82/c3/7b/82c37b0054440647b9d9a0dd1e2c8109.jpg,https://www.pinterest.com/pin/312015080451667368/
Corporate Fashion Meets Comfort: Women's Modern Summer Office Casual Outfit,https://i.pinimg.com/236x/b4/6c/e8/b46ce8906a74bb70d73dd94e70339121.jpg,https://www.pinterest.com/pin/66357794502203872/
,https://i.pinimg.com/236x/63/5c/98/635c982f82e98e68e191532815def0a4.jpg,https://www.pinterest.com/pin/22025485670858294/
,https://i.pinimg.com/236x/3e/00/e9/3e00e993678a39bb81ff9b510d229e28.jpg,https://www.pinterest.com/pin/703756187509862/
streetwear fashion idea,https://i.pinimg.com/236x/8b/54/75/8b54757455e256456d5e23f12c507a78.jpg,https://www.pinterest.com/pin/325033298127023509/
Action Bronson Is Serving Up a Slice of New Balance Baklava,https://i.pinimg.com/236x/c4/a6/02/c4a602ad6b70c33e1e57a7593453ff35.jpg,https://www.pinterest.com/pin/734438651751608764/
,https://i.pinimg.com/236x/9c/e5/70/9ce570aa404a68f7a25c50ab6cb53b80.jpg,https://www.pinterest.com/pin/68747807917/
,https://i.pinimg.com/236x/c6/a2/56/c6a256a6375c4cd9eaf1319fa60cacbd.jpg,https://www.pinterest.com/pin/57350595247905344/
,https://i.pinimg.com/236x/ad/83/38/ad8338266a2fa5f16e64110e9d06797b.jpg,https://www.pinterest.com/pin/12525705206391148/
Summer Chic: Stay Cool and Stylish with Tank Tops and Cargo Shorts,https://i.pinimg.com/236x/6a/01/15/6a0115e0a7ae7861dbf584a080240823.jpg,https://www.pinterest.com/pin/820569994639998443/
The Adidas Samba ‚Äì the summer shoe of 2022,https://i.pinimg.com/236x/8c/af/bb/8cafbbf2a1631d3798a7b23c3ccd04fa.jpg,https://www.pinterest.com/pin/1138847824525923624/
,https://i.pinimg.com/236x/cb/97/6c/cb976caddb8a3c9109030eaca7ca5f06.jpg,https://www.pinterest.com/pin/392798398769050314/
,https://i.pinimg.com/236x/41/5f/0c/415f0cc146f1d8d0153a17d3bff90a19.jpg,https://www.pinterest.com/pin/703756187119829/
,https://i.pinimg.com/236x/8e/64/82/8e6482995c9c311467a71edfc9ad3dec.jpg,https://www.pinterest.com/pin/1548181165516820/
,https://i.pinimg.com/236x/8f/6a/af/8f6aaf26327556dea4ebb524baa85a16.jpg,https://www.pinterest.com/pin/174373816816917481/
,https://i.pinimg.com/236x/75/05/7c/75057c9ee199a5f6b60d6db7eb34d936.jpg,https://www.pinterest.com/pin/20969954510620876/
,https://i.pinimg.com/236x/20/b7/6c/20b76c7f0d6c13554c34b53c9337c7d3.jpg,https://www.pinterest.com/pin/8585055534273809/
,https://i.pinimg.com/236x/e5/79/68/e579683b93510c63a07dd7604bd7e751.jpg,https://www.pinterest.com/pin/315111305194883788/
,https://i.pinimg.com/236x/04/7f/19/047f19464509130335bfecfb99c0f663.jpg,https://www.pinterest.com/pin/58898707620679931/
Darion Benzo #darionbenzo,https://i.pinimg.com/236x/cd/d9/cf/cdd9cf8b1116db897c10e008e717bf96.jpg,https://www.pinterest.com/pin/1548181150469275/
üï∑Ô∏è,https://i.pinimg.com/236x/7c/02/49/7c02497888fde9e3b41c4598571b9703.jpg,https://www.pinterest.com/pin/2814818510324249/
,https://i.pinimg.com/236x/fb/3c/c2/fb3cc252c1ed329891cc0cf6ef16cca9.jpg,https://www.pinterest.com/pin/140806232414857/
,https://i.pinimg.com/236x/69/ae/a3/69aea3b98a33d744b6ffdb4d2bd00739.jpg,https://www.pinterest.com/pin/17873729765294465/
Mocha outfit,https://i.pinimg.com/236x/6d/9d/d9/6d9dd9d58ba6c3e5ff127fd9bb7dc691.jpg,https://www.pinterest.com/pin/25403185392338514/
,https://i.pinimg.com/236x/d9/e2/87/d9e2872a798a68beb271d1d401853524.jpg,https://www.pinterest.com/pin/795377984221605767/
ùò≠ùò¶ùò¶ùòØùò¢ ùò¥ùò¢ùò¨ùò∂ùò≥ùò¢,https://i.pinimg.com/236x/37/45/1e/37451ed8d1e67fcdb9811e9102146475.jpg,https://www.pinterest.com/pin/2392606046425723/
Ultimate Summer Outfits for Men: Look Amazing -,https://i.pinimg.com/236x/10/b6/a9/10b6a92b725ea4c8599da1031918b686.jpg,https://www.pinterest.com/pin/887349932821592183/
,https://i.pinimg.com/236x/b4/92/0c/b4920c5e299991e3775830e1428a1e55.jpg,https://www.pinterest.com/pin/20336635810862349/
,https://i.pinimg.com/236x/0e/1c/4b/0e1c4baa5bf008f980ec97de2290688b.jpg,https://www.pinterest.com/pin/38773246787103607/
M a r s,https://i.pinimg.com/236x/41/57/df/4157df152a20e72ff5bcc9e3bb739349.jpg,https://www.pinterest.com/pin/684336105909190889/
Men Spring Fashion Trends in 2025: Key Looks This Season,https://i.pinimg.com/236x/59/21/58/59215863d493f53bed294709e7699d7b.jpg,https://www.pinterest.com/pin/715931672043096258/
Pac-Man Suit Takes A Bite Out Of Corporate Fashion,https://i.pinimg.com/236x/5a/d9/1f/5ad91f1a353fac73869405421174637d.jpg,https://www.pinterest.com/pin/54465476741362953/
Men‚Äôs fashion style ideas.,https://i.pinimg.com/236x/5f/da/50/5fda5002657bd329a4b0588b260958e9.jpg,https://www.pinterest.com/pin/912471574499478446/
mens acl outfits  mens outfits with accessories  mens fall outfits dark academia  dark academia men,https://i.pinimg.com/236x/81/c6/71/81c671a65775a06303b601d299875845.jpg,https://www.pinterest.com/pin/1149543873625083377/
,https://i.pinimg.com/236x/2d/17/5a/2d175ac5408c914520cb1ea603f7d067.jpg,https://www.pinterest.com/pin/716002040788388652/
,https://i.pinimg.com/236x/2a/12/21/2a1221f9af367f781acfbc686b8147dd.jpg,https://www.pinterest.com/pin/664140276332677703/
"""Jorts Outfit Ideas: Elevate Your Style with Trendy Jean Shorts Looks""",https://i.pinimg.com/236x/c8/c0/bb/c8c0bb9fcaa236692d975e4eec9c24ab.jpg,https://www.pinterest.com/pin/918382548999263434/
,https://i.pinimg.com/236x/cd/48/43/cd48435d027d9c936dd45b974cf832c4.jpg,https://www.pinterest.com/pin/237494580355056883/
,https://i.pinimg.com/236x/cd/ac/8e/cdac8e3f479b5012f2d44d0906191cfd.jpg,https://www.pinterest.com/pin/152840981098580169/
@caiquepeixoto,https://i.pinimg.com/236x/df/c8/9e/dfc89e36f6805ed7f212ebdd8ff91186.jpg,https://www.pinterest.com/pin/294422894410772700/
1970s Men‚Äôs Fashion Ads You Won‚Äôt Be Able To Unsee,https://i.pinimg.com/236x/ff/16/7f/ff167f13177ba98ca1810976b4305b37.jpg,https://www.pinterest.com/pin/926052742129179145/
,https://i.pinimg.com/236x/e3/3a/a6/e33aa69d17a1ff2b451188beedc9f20c.jpg,https://www.pinterest.com/pin/288582288638683194/
