Title,Image,Pins,Caption
@oscardumlao,https://i.pinimg.com/236x/48/82/fd/4882fd80535c346e121f6632539b23f6.jpg,https://www.pinterest.com/pin/70437488944604/,"mens outfit, streetwear, aime leon dore, white jeans, aime leon dore, starboy, simple spring outfit, summer outfit"
Fresh Summer 2024 Men's Fashion Guide: Top 20 Trending Styles & Outfits,https://i.pinimg.com/236x/65/bd/6a/65bd6a67940181b4ae7d2ecb101a5bdf.jpg,https://www.pinterest.com/pin/1114640976514813362/,Fresh Summer 2024 Men's Fashion Guide: Top 20 Trending Styles & Outfits
30 Italian Summer Outfits Men You‚Äôll Love 2024 11,https://i.pinimg.com/236x/7b/b3/91/7bb391a0c964f95cd396faa2cacfca91.jpg,https://www.pinterest.com/pin/669558669638439652/,#springfashion #spring #summerfashion #springstyle #fashionista #shopsmall #k #fashionstyle #instafashion #summer #styleinspo #mensfashion #streetstyle #boutiqueshopping #discoverunder #springoutfit #onlineboutique #styleblogger #springtime #summerstyle #summer #summervibes #fashion #ootd #style#summertime #summeroutfit #fashionblogger #fashionstyle #fashionista #k #streetstyle #outfitoftheday #summerdress #love#shoplocal #styleblogger #shopsmall #beach #onlineshopping #discoverunder #summercoll
Sneakers Men Fashion Adidas,https://i.pinimg.com/236x/ab/69/97/ab699759977d04a54eae73b5f17ed707.jpg,https://www.pinterest.com/pin/308285537012144564/,Sneakers Men Fashion Adidas
Soft Boy Aesthetic Style Outfits & Fashion Guide | Soft Men Aesthetic Male Outfits,https://i.pinimg.com/236x/fd/13/d5/fd13d537ad5e1a9ea487db4426a279f4.jpg,https://www.pinterest.com/pin/277252920815894054/,"Discover the ultimate soft boy aesthetic guide at Heartafact.com. Explore vintage-inspired soft boy aesthetic outfits for men, featuring 90s streetwear, trendy ensembles & cute looks. Dive into various soft men aesthetic outfits, including cottagecore, academia, boyfriend, black, dark, street style, summer, winter, baggy, pastel, simple, indie aesthetic, grunge and fashion-forward options. Elevate your style with the best men's aesthetic outfits and embrace the #softboystyle #softboyaesthetic"
Summer outfit for man 2024,https://i.pinimg.com/236x/b1/35/81/b13581b27ab09c8d9104faf4b844c360.jpg,https://www.pinterest.com/pin/203013895696476186/,
,https://i.pinimg.com/236x/fe/5e/df/fe5edfb3181a29ec30de5ff1e948ceba.jpg,https://www.pinterest.com/pin/31032684927490555/,"summer outfit, adidas samba, men fashion, summer shirt"
,https://i.pinimg.com/236x/85/cc/e3/85cce3919be0a1f177a40bef57ee3709.jpg,https://www.pinterest.com/pin/5418462045547381/,
M a r s,https://i.pinimg.com/236x/6a/12/17/6a121793b2fc1fdf9032ab518e74113c.jpg,https://www.pinterest.com/pin/834714112220184566/,
The 100 Most Handsome Men Of 2018 Ranked By ‚ÄòThe Independent Critics‚Äô,https://i.pinimg.com/236x/bd/72/43/bd7243372ff638d8b4a7994e20a6fb34.jpg,https://www.pinterest.com/pin/852798879473155679/,#mensfashion #mensstyle #menswear #fashionformen #mensoutfit #mensaccessories #mensclothing #mensstyleguide #mensfashiontips #mensfashioninspiration #mensstreetstyle #mensfashiontrends #mensfashionblog #mensfashionideas #mensfashionista
boston n jorts outfit summer 2024,https://i.pinimg.com/236x/52/9b/6f/529b6f6b84547a951c0db666a622f867.jpg,https://www.pinterest.com/pin/3377768467191659/,#birkenstocks #bostons #jorts #outfit #summer #summer2024
Date Outfit,https://i.pinimg.com/236x/51/92/1f/51921febbca172b03736d8a6daaa7f1e.jpg,https://www.pinterest.com/pin/11751649021989096/,"Old money aesthetic, internet personality, entrepreneur,fashion,lifestyle, outfit ideas ,outfit inspiration 2024, mens outfit inspiration casual"
,https://i.pinimg.com/236x/44/89/23/4489232cd661009b5771ffab8e3f65bc.jpg,https://www.pinterest.com/pin/1196337403110559/,
,https://i.pinimg.com/236x/ce/92/4c/ce924c835bf6e5f2f05def8de413d46e.jpg,https://www.pinterest.com/pin/68747085506/,
,https://i.pinimg.com/236x/b7/a3/f3/b7a3f347f2a179775f2d976081cb2beb.jpg,https://www.pinterest.com/pin/277252920815894053/,
@thatspr,https://i.pinimg.com/236x/4c/21/8c/4c218cb09517f064daaefbf6dd2be63f.jpg,https://www.pinterest.com/pin/2322237300245631/,
,https://i.pinimg.com/236x/69/a4/0a/69a40a264ab1ec426bf29c1dfdf49e22.jpg,https://www.pinterest.com/pin/703756186302532/,levi jeans straight fit-https://amzn.to/3pX5npi similar loafers-https://amzn.to/3MRZUcn
M a r s,https://i.pinimg.com/236x/a0/79/4e/a0794e4d0a51f5e0bf1a3bc06adcb252.jpg,https://www.pinterest.com/pin/295337688084604680/,"Summer outfit inspiration for Moodboard! Elevate Your Summer Style: Embrace sleek minimalism with this black polo outfit for men! Perfect for formal occasions or upscale events, this ensemble exudes sophistication and timeless elegance. Pair with tailored trousers and classic loafers for a polished look that beats the heat in style. Click to shop on Amazon and make a statement this summer!"
,https://i.pinimg.com/236x/b4/30/96/b43096d52394a5401b75a437144b4e0d.jpg,https://www.pinterest.com/pin/3307399720935162/,
50 Reasons Why 1970s Men‚Äôs Fashion Should Never Come Back,https://i.pinimg.com/236x/bd/cd/7d/bdcd7d757d88c63851cbd43526208f7f.jpg,https://www.pinterest.com/pin/616852480243813667/,
15 Trendy and Cute Beach Outfits for Summer 2024 That You Can‚Äôt Miss! | Travel Outfits,https://i.pinimg.com/236x/97/af/33/97af337ba6471d52076a7cc4a850bdc6.jpg,https://www.pinterest.com/pin/340303315612582178/,"Find simple beach outfit ideas, beach outfits women for vacation, cool chill old money aesthetic casual beach outfit for men 2024, beach party outfit, beach wear for women, beach dress, resort outfits, baddie chubby beach outfits & more. Explore aesthetic beach outfit inspiration- beach looks, beach fits women, summer bikinis, jorts, summer outfit men, mens beach style, beach fits men, beachy outfits, beach summer holiday outfits. #summerfeeling #beachoutfit #beachpictures #beachoutfitaesthetic"
Mens outfit ideas 2024,https://i.pinimg.com/236x/60/ac/a8/60aca8ab485b7a08e188356776b840d3.jpg,https://www.pinterest.com/pin/10696117859063139/,"Old money aesthetic, internet personality, fashion,lifestyle, outfit ideas ,outfit inspiration 2024, mens outfit inspiration."
,https://i.pinimg.com/236x/11/c6/8c/11c68c395cfdf817dfae9e81b384d7d7.jpg,https://www.pinterest.com/pin/774124930219495/,
The Ultimate Guide to Adidas Handball Spezial (All Colorways + Links),https://i.pinimg.com/236x/b0/37/e2/b037e2d6fda38808405a54d3fb277bc1.jpg,https://www.pinterest.com/pin/546835579788239577/,"Explore the ultimate Adidas Handball Spezial guide! Discover every colorway, style tips, and find direct links to get your hands on the perfect pair. Elevate your sneaker game with this comprehensive guide."
M a r s,https://i.pinimg.com/236x/68/d7/05/68d7059b9a8ac7ebee7821c249c70edd.jpg,https://www.pinterest.com/pin/363313894957496869/,"Outfit inspo, similar shirt from Amazon -> https://amzn.to/3SG7wRc you can click the image to explore products."
,https://i.pinimg.com/236x/0c/78/0e/0c780e22937210eb5e524d787975e3be.jpg,https://www.pinterest.com/pin/28147566417183700/,
,https://i.pinimg.com/236x/aa/39/d5/aa39d5ce650e89e55fc331a246df67f8.jpg,https://www.pinterest.com/pin/4362930881973603/,
Explore Top 15 Men's Streetwear Outfits 2024: Urban Style Essentials & Fashion Forward Looks,https://i.pinimg.com/236x/95/44/4c/95444cdd60c02e87cadfb2a71be32db4.jpg,https://www.pinterest.com/pin/680043612516814397/,Explore Top 15 Men's Streetwear Outfits 2024: Urban Style Essentials & Fashion Forward Looks
1970s Men‚Äôs Fashion Ads You Won‚Äôt Be Able To Unsee,https://i.pinimg.com/236x/1c/e2/22/1ce222225c9466ebe2519fdc4f87a8bb.jpg,https://www.pinterest.com/pin/1022176446675463069/,
,https://i.pinimg.com/236x/7d/98/e1/7d98e10afc853e829b83b8b7c2241808.jpg,https://www.pinterest.com/pin/23855073021493303/,
,https://i.pinimg.com/236x/f0/a3/03/f0a303dadacb992b9e574f537ae0d6b5.jpg,https://www.pinterest.com/pin/6614730697918292/,
Summer Outfits for Men,https://i.pinimg.com/236x/46/1d/f4/461df4bdd85223ce05a40505af973dce.jpg,https://www.pinterest.com/pin/653655333463148321/,Summer Outfits for Men https://youtu.be/h4pOnMER0dk
Effortless Spring Fashion Ideas for Your Seasonal Wardrobe Refresh,https://i.pinimg.com/236x/55/db/a2/55dba26aead50716ffeeaafa022004d6.jpg,https://www.pinterest.com/pin/6896205672070177/,"Discover the allure of spring fashion with our curated collection of trendy outfits and essential wardrobe pieces. From floral dresses to chic sandals, explore versatile styles for every occasion, whether it's a casual brunch or a beach vacation. Elevate your spring wardrobe and embrace effortless elegance with our expert tips and seasonal inspiration."
Effortlessly Cool Summer Style,https://i.pinimg.com/236x/62/63/ec/6263ecd58cbca8477af1dac6b84aa8c3.jpg,https://www.pinterest.com/pin/633387442695615/,"Discover this effortlessly cool summer outfit that's perfect for any occasion! Featuring a crisp white shirt, sleek black pants, and classic white sneakers, this look is both stylish and comfortable. Pair it with sunglasses for the ultimate laid-back vibe. Perfect for warm weather, casual outings, or simply making a fashion statement. Get inspired and elevate your summer wardrobe now! üåûüï∂Ô∏è #SummerFashion #MensStyle #CasualChic #FashionInspiration"
M a r s,https://i.pinimg.com/236x/1e/41/1b/1e411b12ce6353025f9be86bf3d2a58b.jpg,https://www.pinterest.com/pin/966514770033085618/,"Oversized White Button-Down Shirt for Men - Summer Style Inspiration. Redefine sophistication with this oversized white button-down shirt for men, a versatile staple perfect for summer elegance. Embrace relaxed tailoring with this effortlessly chic piece, designed to add a touch of refinement to any ensemble. Click on the image to discover oversized elegance with this Amazon white button-down shirt."
,https://i.pinimg.com/236x/f6/f5/80/f6f580c5c475b34d0a27d2f89182037e.jpg,https://www.pinterest.com/pin/10273905394218908/,
"Explore Top 19 European Summer Outfits for Men in 2024 - Fashion, Comfort, and Style",https://i.pinimg.com/236x/62/c0/5b/62c05b84340a90300507b50cdab47e33.jpg,https://www.pinterest.com/pin/1087549010039110167/,"Explore Top 19 European Summer Outfits for Men in 2024 - Fashion, Comfort, and Style"
84 Best Casual College Outfits Men Tricks You'll Be Surprised By Right Now,https://i.pinimg.com/236x/9a/b3/78/9ab378eddd0e0f136197141a09878c86.jpg,https://www.pinterest.com/pin/189995678024229371/,[CommissionsEarned] 63 Must Have Casual College Outfits Men Ideas You'll Be Amazed By Right Now #casualcollegeoutfitsmen
+15 Old Money Aesthetic Clothes for under 100$ for Men in 2024,https://i.pinimg.com/236x/4a/1e/9f/4a1e9f5486e7628d9e5486d0bd5145a5.jpg,https://www.pinterest.com/pin/965459238865377870/,Discover +15 different old money aesthetic essentials for your wardrobe in 2024. Dress like a classic gentleman back in the days without overspending!
ig: @louis.tover,https://i.pinimg.com/236x/17/9e/c8/179ec850b74df31fb1c3c68cb322ccb2.jpg,https://www.pinterest.com/pin/9922061673471119/,
Summer outfit for men üí∏üí∏,https://i.pinimg.com/236x/91/d7/c2/91d7c28a7cf6bbf966d0e7cf3e5c40af.jpg,https://www.pinterest.com/pin/810788739199274916/,
,https://i.pinimg.com/236x/44/32/24/44322470d2f9c31480ac946b4c0c6708.jpg,https://www.pinterest.com/pin/94857135897004158/,
,https://i.pinimg.com/236x/a2/49/1b/a2491b6ed534f2f71f0b6e00e14fc720.jpg,https://www.pinterest.com/pin/2322237301810110/,
Stylishly Minimal: Men‚Äôs Outfit Inspiration‚ú®,https://i.pinimg.com/236x/26/9d/20/269d20cc7b2313e2614dee1ae2cd3265.jpg,https://www.pinterest.com/pin/2111131071965215/,"Discover minimalist fashion for men with these easy outfit ideas. Classic, clean, and effortlessly cool! #MinimalFashion #Menswear #StyleGoals @centclo_official"
Todd Snyder Exudes Chic Modernity for SS23,https://i.pinimg.com/236x/1a/01/ff/1a01ffbf1ff63ea1e7757c8e8edcc2f0.jpg,https://www.pinterest.com/pin/388013324162963733/,Todd Snyder Spring/Summer 2023 The Nomad Collection | Hypebeast
,https://i.pinimg.com/236x/59/00/94/5900946d1adc3dd2076ea3106c633ac6.jpg,https://www.pinterest.com/pin/1618549861733601/,
,https://i.pinimg.com/236x/ec/90/71/ec9071811e8b6d7b1e11458bd97e5399.jpg,https://www.pinterest.com/pin/369013763237428696/,
,https://i.pinimg.com/236x/06/0a/4f/060a4fa1e947c69d1111af689f6a0b1a.jpg,https://www.pinterest.com/pin/85709199153324300/,
,https://i.pinimg.com/236x/bf/60/74/bf6074c47e645093ce0a7928800cc72b.jpg,https://www.pinterest.com/pin/7740630604874142/,
M a r s,https://i.pinimg.com/236x/91/36/07/91360775ec2e2da3866f6f85fd28206e.jpg,https://www.pinterest.com/pin/321233385942351449/,"Outfit inspiration. Linen shirts are a great piece of clothing everyone needs to have. They bring style, comfort, and elegance and can bring a whole outfit together while keeping a relaxed look. Amazon has great options for shirts if you dont want to spend the high prices of linen shirts. This shirt can be found in amazon, I have linked it on the post!"
M a r s,https://i.pinimg.com/236x/48/4c/a7/484ca7affc98c5bbbb6b925e0fd0b2fe.jpg,https://www.pinterest.com/pin/297378381665325701/,"Step into Summer with Vintage Vibes: Embrace timeless style with these vintage-inspired jeans for men! Perfect for creating an effortlessly cool look, pair them with a classic graphic tee and retro sneakers for a nod to the past. Whether you're exploring the city or kicking back at a backyard barbecue, this outfit exudes laid-back charm. Click the image to shop on Amazon and channel your inner vintage aficionado this summer!"
Urban Chic Casual Style,https://i.pinimg.com/236x/51/e3/ab/51e3ab445d511614e279e03c5a9676d6.jpg,https://www.pinterest.com/pin/26106872836273148/,Casual outdoor look with a cozy cream zip-up jacket paired with black shorts and chunky sneakers. Perfect for a sunny day stroll. #StreetStyle #CasualFashion #OutdoorLook #MenFashion #FashionInspiration #SummerOutfit #MinimalistStyle #ComfyAndChic
Dickies UO Exclusive 874 Cutoff Work Pant,https://i.pinimg.com/236x/a5/f8/01/a5f801a5a9565e5ce291ff36dd612203.jpg,https://www.pinterest.com/pin/87186942777761206/,Dickies UO Exclusive 874 Cutoff Work Pant
,https://i.pinimg.com/236x/d6/82/58/d682585eea41ed62c507d140bc569d45.jpg,https://www.pinterest.com/pin/8796161767504581/,
,https://i.pinimg.com/236x/33/45/0f/33450fd5fb70fe48e2cd7e66cb4b2d9d.jpg,https://www.pinterest.com/pin/1266706140007755/,
As bermudas masculinas que est√£o bombando em 2022,https://i.pinimg.com/236x/b5/14/a3/b514a3375c7404fb95940f8cdba09f7c.jpg,https://www.pinterest.com/pin/569423946653290687/,As bermudas masculinas que est√£o bombando em 2022 #blog #clothes #best #elegant #outfit #Casual #Fashion
,https://i.pinimg.com/236x/1d/80/0b/1d800b00ff605b011ea7440e1de5a796.jpg,https://www.pinterest.com/pin/4081455905469183/,
Summer Outfit Men,https://i.pinimg.com/236x/85/01/74/850174e1ddfba0dd3bee07d1f86c409d.jpg,https://www.pinterest.com/pin/6966574419250147/,Summe Outfit Inspiration for Men Adidas Samba Jorts Shirt Streetwear Fit Trending
,https://i.pinimg.com/236x/a3/10/18/a310183af4271ae4af22ffb0eaac5215.jpg,https://www.pinterest.com/pin/703756187527801/,Minimal summer men outfit
5 Key Pieces for the Old Money Aesthetic,https://i.pinimg.com/236x/50/a5/93/50a593b441596c5e7fc4e470dcfe8688.jpg,https://www.pinterest.com/pin/687713805636504946/,
Outfit Inspiration 2024,https://i.pinimg.com/236x/e1/88/36/e188364f73d6e0331bf66144b6e108ae.jpg,https://www.pinterest.com/pin/393290979980880593/,"Old money aesthetic, internet personality, entrepreneur,fashion,lifestyle, outfit ideas ,outfit inspiration 2024, mens outfit inspiration casual"
Essential Summer Items For Men ( Summer 2023 Full Guide ),https://i.pinimg.com/236x/74/99/86/7499865ee199a5d1c068fe4158f44de6.jpg,https://www.pinterest.com/pin/76842737387174519/,
,https://i.pinimg.com/236x/b2/12/88/b212888f91695e183f0ba96b19c48623.jpg,https://www.pinterest.com/pin/2603712279433269/,
,https://i.pinimg.com/236x/09/a7/f2/09a7f24c74508b6da7267a4fc67ac52d.jpg,https://www.pinterest.com/pin/56224695342195907/,
wes‚Äô introduction outfit,https://i.pinimg.com/236x/22/10/46/22104681956d161db2562cd9b83d2ccb.jpg,https://www.pinterest.com/pin/2814818511044727/,
,https://i.pinimg.com/236x/06/82/49/0682492f352de6336b7c4dd490c9d3e1.jpg,https://www.pinterest.com/pin/3237030976998133/,
Explore Top 17 Summer Outfits for Men: Trendy Streetwear Looks of 2024 - Get Inspired Now!,https://i.pinimg.com/236x/10/95/4a/10954a9a1b5e89814705a874ce79d52a.jpg,https://www.pinterest.com/pin/324188873194899419/,Explore Top 17 Summer Outfits for Men: Trendy Streetwear Looks of 2024 - Get Inspired Now!
Green Corduroy with Adidas Samba Mens Outfit Idea,https://i.pinimg.com/236x/f3/e7/02/f3e702ef328718a08d067d11b6894cc6.jpg,https://www.pinterest.com/pin/293859944456257685/,Men‚Äôs Adidas Samba Outfit with Corduroy Overshirt Mens Style for Spring - Mens Casual Outfit Inspiration - What to Wear for Men - Fashion for Guys - Mens Style Guide - Casual Stylish Outfits for Men 2024 #LTKmens
,https://i.pinimg.com/236x/c4/bd/0e/c4bd0e7bfdf50fe2abb0288ef60fc3f2.jpg,https://www.pinterest.com/pin/28640147623700291/,
10 Men's Summer Outfit Ideas | Erika Marie,https://i.pinimg.com/236x/74/63/1b/74631bf8fa8fc21b5574a43869e79aed.jpg,https://www.pinterest.com/pin/183943966025190074/,10 Men's Summer Outfit Ideas | Erika Marie
,https://i.pinimg.com/236x/ef/b3/29/efb3295a423e95b1f8da5c46a8df4904.jpg,https://www.pinterest.com/pin/2744449767428014/,
20+ Office Old Money Fashion For Men 2024 You Should Try 34,https://i.pinimg.com/236x/0c/37/c2/0c37c2c33376016bd20cbbbde6e92c26.jpg,https://www.pinterest.com/pin/504192120801266058/,Discover timeless and sophisticated Office Old Money Fashion For Men. Get inspired by 20+ influencer-approved looks to elevate your style in 2024.
,https://i.pinimg.com/236x/76/9b/8f/769b8fdb0d4fc18863c1480bfa142e04.jpg,https://www.pinterest.com/pin/125537908356500104/,
Summer outfit man,https://i.pinimg.com/236x/b7/54/01/b754019357647c50d424971ca3364ed5.jpg,https://www.pinterest.com/pin/5840674510182599/,
Classic Summer Cool: Essential Men's Outfit for a Day Out,https://i.pinimg.com/236x/f0/c8/87/f0c8879d261692444f00e8279d194091.jpg,https://www.pinterest.com/pin/610941505733723606/,
,https://i.pinimg.com/236x/34/68/2f/34682f44c36d2a8dda4170946afbbe3b.jpg,https://www.pinterest.com/pin/774124929726801/,
,https://i.pinimg.com/236x/3c/38/4c/3c384c1bfa9094042e9ff2261ea2a0f4.jpg,https://www.pinterest.com/pin/70437487609150/,
,https://i.pinimg.com/236x/1c/97/d8/1c97d863b532d48085a0c7eca7dc4f53.jpg,https://www.pinterest.com/pin/2251868556379500/,
„Éâ„ÇØ„Çø„Éº„Éû„Éº„ÉÅ„É≥„ÅÆÂêç‰ΩúÔºì„Éõ„Éº„É´„Ç∑„É•„Éº„Ç∫„Äå1461„Äç„ÅÆÂ±•„Åç„Åì„Å™„ÅóÊñπ„ÇíÊµ∑Â§ñ„ÅÆÁùÄÈÅìÊ•Ω„Å´Â≠¶„Å∂„ÄÇ„É°„É≥„Ç∫„Ç≥„Éº„Éá‰∫ã‰æã„Å®„Åä„Åô„Åô„ÇÅ„Ç¢„Ç§„ÉÜ„É†„ÇíÂé≥ÈÅ∏Á¥π‰ªãÔºÅ | „É°„É≥„Ç∫„Éï„Ç°„ÉÉ„Ç∑„Éß„É≥„É°„Éá„Ç£„Ç¢ OTOKOMAE / Áî∑ÂâçÁ†îÁ©∂ÊâÄ,https://i.pinimg.com/236x/7a/0f/d1/7a0fd1d7c0f9ad34d215491bc7051cdf.jpg,https://www.pinterest.com/pin/1118722363667946607/,
M a r s,https://i.pinimg.com/236x/c0/38/3a/c0383a2b31805bcc9a6fc535e3541706.jpg,https://www.pinterest.com/pin/89227636380292368/,
Male Summer Fashion | Streetwear Men Outfits Street Fashion Swag Style,https://i.pinimg.com/236x/fc/c3/ff/fcc3ff44ee3080247ffcc3e2e4511df6.jpg,https://www.pinterest.com/pin/307581849568896712/,
The colour palette is everything,https://i.pinimg.com/236x/8a/eb/e8/8aebe807a6d7399afc8e356d762966cd.jpg,https://www.pinterest.com/pin/17099673581035962/,
,https://i.pinimg.com/236x/d8/3f/94/d83f9412cc71402298bb7da1a398e73e.jpg,https://www.pinterest.com/pin/2392606046596150/,
M a r s,https://i.pinimg.com/236x/8e/1e/28/8e1e28a1348947e13ad0d5dac66d216e.jpg,https://www.pinterest.com/pin/735494182927796462/,Elevate your summer wardrobe with effortless style! ‚òÄÔ∏èüëï Discover outfit inspiration featuring the versatile black button-down shirt for men. Perfect for any occasion and a great gift idea! Click the image to shop now on Amazon and elevate your style game.
,https://i.pinimg.com/236x/45/f4/28/45f4282d7e760ddb1d1e2396c7b45316.jpg,https://www.pinterest.com/pin/68747512091/,
Mens Outfits Casual,https://i.pinimg.com/236x/72/55/11/725511c70d67c45700968d54c42e4041.jpg,https://www.pinterest.com/pin/2322237301810131/,
Men fashion | Streetwear pose,https://i.pinimg.com/236x/8f/bd/f6/8fbdf65e6e05ee77b727ab57a4c1b59a.jpg,https://www.pinterest.com/pin/974536806866097332/,"Men poses, solo poses, aesthetic poses, street style, streetwear fashion"
Men's Casual Outfit Idea | Men's Adidas Samba Outfit,https://i.pinimg.com/236x/c9/8a/e6/c98ae69356abdf5f48ae0e2deac525d8.jpg,https://www.pinterest.com/pin/976296025470158072/,
,https://i.pinimg.com/236x/af/db/9d/afdb9d27531f16c0cf45806980c720c7.jpg,https://www.pinterest.com/pin/103793966406045551/,
Daniel Simmons,https://i.pinimg.com/236x/3c/64/9c/3c649c833fa1c74116f742a0e9f2b15c.jpg,https://www.pinterest.com/pin/667588344796843991/,Insta: @imdanielsimmons
Daniel Simmons Outfit,https://i.pinimg.com/236x/2e/80/51/2e8051ac6edb8a5a0615ac38cd2d0787.jpg,https://www.pinterest.com/pin/698480223493381393/,
M a r s,https://i.pinimg.com/236x/5c/d6/ef/5cd6ef3c52cb66b0f9aad2a4f29faef3.jpg,https://www.pinterest.com/pin/620652392428570837/,
Men's linen worker jacket with relaxed chinos and sneakers outfit,https://i.pinimg.com/236x/5c/73/6d/5c736d04da8fb61645f97ac131a48359.jpg,https://www.pinterest.com/pin/582794008062915741/,
Explore 2024's Top 16 Masc Outfit Ideas - Vintage to Formal Men's Fashion Trends,https://i.pinimg.com/236x/b1/68/07/b16807e3e9e79dea06c1656b94329646.jpg,https://www.pinterest.com/pin/317081630034998073/,Explore 2024's Top 16 Masc Outfit Ideas - Vintage to Formal Men's Fashion Trends
,https://i.pinimg.com/236x/ea/e2/02/eae2029ec25240704a834d47719bc474.jpg,https://www.pinterest.com/pin/76842737387174518/,
The 5 Shirts Every Man Should Own,https://i.pinimg.com/236x/13/c2/58/13c2587e6e0e09f29eeabe5f7e330b88.jpg,https://www.pinterest.com/pin/1829656093350198/,
,https://i.pinimg.com/236x/c7/0b/62/c70b6288e9933b51ab3578a0aa592797.jpg,https://www.pinterest.com/pin/4362930882291380/,
,https://i.pinimg.com/236x/80/f7/e4/80f7e4d94fb17b8fabee38511eb4fe95.jpg,https://www.pinterest.com/pin/774124929240457/,
25 Best Vintage Streetwear Men Outfits Recommendations You Don't Want To Miss This Winter,https://i.pinimg.com/236x/d2/7c/f4/d27cf44122b0fefc72278dc940191d48.jpg,https://www.pinterest.com/pin/277464027036953089/,[PaidLink] For Pinterest Instagram #vintagestreetwearmenoutfits
Summer casual outfit,https://i.pinimg.com/236x/b6/97/97/b69797f528630e08ae018283bd2e5e10.jpg,https://www.pinterest.com/pin/2111131071932809/,Streetwear outfit inspiration for men. Trendy outfit for men. Summer outfit. Style. #streetstyle #streetwear #street #lifestyle
,https://i.pinimg.com/236x/6b/d8/d4/6bd8d46f186488991dd4790f468b7d73.jpg,https://www.pinterest.com/pin/38280665577287074/,
"Pin By Wedplaster On Inspirao/Moda | Street Style Outfits Men, Trendy Boy Outfits,",https://i.pinimg.com/236x/3b/34/6d/3b346d3473a7d5386fdc5d086d612b1e.jpg,https://www.pinterest.com/pin/169096161002890640/,
,https://i.pinimg.com/236x/62/66/71/626671f30eedf9ea64dc3c0e073d4045.jpg,https://www.pinterest.com/pin/17170042324159850/,
,https://i.pinimg.com/236x/16/c6/38/16c6388d0fcde674d1a760a68216ec57.jpg,https://www.pinterest.com/pin/3870349673614346/,
,https://i.pinimg.com/236x/b0/b5/82/b0b58281634fb515e2db7cb2433eeff7.jpg,https://www.pinterest.com/pin/2040762326819797/,
,https://i.pinimg.com/236x/ac/5e/1b/ac5e1b2340572cfe99d5d4a260131243.jpg,https://www.pinterest.com/pin/5277724558103399/,
Cool & Aesthetic Winter Outfits Inspo For Men,https://i.pinimg.com/236x/1c/f4/aa/1cf4aab80fc6fc4ee240fe9c2913c89d.jpg,https://www.pinterest.com/pin/652177589823384708/,"Explore Heartafact.com for chic winter outfits for men! From cold-weather aesthetics to casual streetwear and formal Korean fashion, discover classy vintage ensembles. Dive into winter fashion with street styles, sweaters, hoodies, and old-money-inspired looks featuring blazers, black denim, and leather jackets. Elevate your winter wardrobe with trendy options at Heartafact.com! #menoutfits #menswinterfashion #mensfashionaesthetic #oldmoneyoutfits"
"Vintage Summer Streetwear: Rock the 50s Polo Shirt, Loafers, and Sunglasses Look",https://i.pinimg.com/236x/79/fa/4a/79fa4a19779b961e1ce8e9b23256b2f5.jpg,https://www.pinterest.com/pin/704461566747149628/,
,https://i.pinimg.com/236x/a9/23/3b/a9233bece2e8be08dc841e17018306f8.jpg,https://www.pinterest.com/pin/2251868556831830/,
Heat Up Your Look: Must-Have Summer Outfits for Men!,https://i.pinimg.com/236x/b5/e3/ff/b5e3ffeb95ee9977b588c6571641a460.jpg,https://www.pinterest.com/pin/1147080967582604749/,
Discover 20 Trendsetting Fall Outfit Ideas for Men in 2024: From Classic to Contemporary Styles,https://i.pinimg.com/236x/17/24/77/172477596dd17af276a6b88324b40566.jpg,https://www.pinterest.com/pin/313633561570517543/,Discover 20 Trendsetting Fall Outfit Ideas for Men in 2024: From Classic to Contemporary Styles
,https://i.pinimg.com/236x/69/46/87/6946879d8376fb12eaac27eebb1a920a.jpg,https://www.pinterest.com/pin/1407443628602935/,
Daniel Simmons,https://i.pinimg.com/236x/a1/9e/fe/a19efea39582edb308d78beee5b3c5eb.jpg,https://www.pinterest.com/pin/1266706138914893/,
Summer outfits,https://i.pinimg.com/236x/48/ea/64/48ea6492647a10732fcf5bf8391f1576.jpg,https://www.pinterest.com/pin/750060512959393794/,
,https://i.pinimg.com/236x/88/63/34/8863343c9f257083df71200d61fe7af4.jpg,https://www.pinterest.com/pin/298856125288047136/,
Men‚Äôs Fashion Spring 2024 16 ideas: From classy to casual style #12,https://i.pinimg.com/236x/51/4e/97/514e978ab9c6fd1f8999e367f14e3197.jpg,https://www.pinterest.com/pin/322922235800658541/,
How To Pose For Pictures As a Guy - OnPointFresh,https://i.pinimg.com/236x/35/08/81/35088143723680aec1b9f2f407016b37.jpg,https://www.pinterest.com/pin/637822366009899883/,How To Pose For Pictures As a Guy ‚Äì OnPointFresh
Men's street style 2024: Trends from urban to vintage style 15 ideas,https://i.pinimg.com/236x/f5/9c/96/f59c965c82e7bf04b9ae2406939bc994.jpg,https://www.pinterest.com/pin/481533385175179171/,Men's 2024 Streetwear: Vintage Vibes & Urban Styles Merge
mens basic style,https://i.pinimg.com/236x/9a/d1/9f/9ad19f45e4998bab9ea0490b95acc1aa.jpg,https://www.pinterest.com/pin/5559199535703684/,white tshirt jeans hat mens fashion style | casual style for men (via ethan_kieffer |IG)
,https://i.pinimg.com/236x/30/26/8a/30268abfd7a957958f63e68d27d1f51d.jpg,https://www.pinterest.com/pin/58195020180163004/,
old man style,https://i.pinimg.com/236x/91/c1/d7/91c1d7ac074ee94106babbacc887db7e.jpg,https://www.pinterest.com/pin/1618549863238759/,"Old man fashion typically includes cardigans, button-up shirts, high-waisted trousers, comfortable shoes like loafers, and accessories such as flat caps and suspenders. It focuses on comfort and timeless, classic pieces."
#menstyle #menoutfits #menootd,https://i.pinimg.com/236x/06/cf/a0/06cfa06b16831f79ca8fb29129c09db8.jpg,https://www.pinterest.com/pin/13018286421709569/,#menstyle #menswear #menoutfitideas #menoutfit #menfashionstyle #casualwomensfashion #casualmenstyle
,https://i.pinimg.com/236x/04/24/ce/0424ce7da8c7c33b30a21afea8df0222.jpg,https://www.pinterest.com/pin/619667230011890519/,
London's about:blank Prepares for Summer With Relaxed Capsule Collection,https://i.pinimg.com/236x/47/82/f5/4782f55ac150feb1714080eaf8d2f09c.jpg,https://www.pinterest.com/pin/299770918964421302/,
Aesthetic outfit ideas,https://i.pinimg.com/236x/fb/67/9f/fb679ff0f9edd53b93585a400d10e9d0.jpg,https://www.pinterest.com/pin/25684660370744034/,Blue strip shirt with blue denim jeans and minimal sneakers will always look aesthetic. #outfitstyle #fashion #aesthetic
,https://i.pinimg.com/236x/82/c7/ce/82c7ce3a63add38160be7a67897a4e13.jpg,https://www.pinterest.com/pin/71987294039382646/,
M a r s,https://i.pinimg.com/236x/6f/6d/a3/6f6da3641d4d1858a1c89391787bf57e.jpg,https://www.pinterest.com/pin/618470961357987489/,"Men's Outfit summer inspiration moodboard! Summer Sizzle: Elevate your summer wardrobe with this sleek black button-up shirt for men! Versatile and stylish, it's perfect for both casual outings and evening soirees. Pair with denim shorts for a laid-back vibe or dress it up with chinos for a night out. Click the image to shop on Amazon and add a dash of sophistication to your summer style!"
,https://i.pinimg.com/236x/6d/f6/12/6df612a9cffdee6c1b3b7f990b8f3afa.jpg,https://www.pinterest.com/pin/3096293489486576/,
Summer outfit,https://i.pinimg.com/236x/8f/35/9e/8f359e81edebc0426c0f1cc3f5b2ae5a.jpg,https://www.pinterest.com/pin/1759287347509678/,Bandana
,https://i.pinimg.com/236x/c3/3c/2d/c33c2d6aa6140d7ac0fdf17cb0768d0c.jpg,https://www.pinterest.com/pin/3377768467101742/,
M a r s,https://i.pinimg.com/236x/b3/09/53/b3095321ce5638800175dc0357d5434a.jpg,https://www.pinterest.com/pin/255720085086614959/,"Step into Summer with Vintage Vibes: Embrace timeless style with these vintage-inspired jeans for men! Perfect for creating an effortlessly cool look, pair them with a classic graphic tee and retro sneakers for a nod to the past. Whether you're exploring the city or kicking back at a backyard barbecue, this outfit exudes laid-back charm. Click the image to shop on Amazon and channel your inner vintage aficionado this summer!"
Men's Fashion,https://i.pinimg.com/236x/9d/2f/07/9d2f07d2cb395cc2fab548765cab4c0c.jpg,https://www.pinterest.com/pin/2744449768120876/,
Hot Summer Outfit Ideas for Men üå¥,https://i.pinimg.com/236x/52/b5/41/52b541266dd441eaf0191829d187170f.jpg,https://www.pinterest.com/pin/14355292555965029/,Upgrade your summer look with these hot outfit ideas for men. From casual to classy! üåä #MensWearInspo #FashionTips #SummerStyle
,https://i.pinimg.com/236x/bb/ae/41/bbae4123018ea5504d56f034843105e4.jpg,https://www.pinterest.com/pin/1618549862914190/,
,https://i.pinimg.com/236x/c7/a9/3d/c7a93de160078c85a0179b2f4338936b.jpg,https://www.pinterest.com/pin/3729612239785725/,
Men's Shorts Guide 2024 15 Ideas: Summer and Streetwear,https://i.pinimg.com/236x/d1/15/d8/d115d89ac8a1776e4560137f9b8ec06d.jpg,https://www.pinterest.com/pin/390757705182739179/,Summer 2024 Men's Shorts: Casual to Formal Street Style Trends
,https://i.pinimg.com/236x/d7/8d/70/d78d7089588f6a00bda0fd5f466c229e.jpg,https://www.pinterest.com/pin/10062799161563153/,
Wide Pleated Pants | Men Outfit Guide,https://i.pinimg.com/236x/8d/c0/ca/8dc0ca55d6918751484cb41044e934fa.jpg,https://www.pinterest.com/pin/580964420716800297/,Dress to impress with these wide pleated pants for men! Elevate your style game with this essential wardrobe staple. #MensFashion #casual #business
18 Men's Jeans with Loafers Outfits for 2024: A Blend of Comfort and Style,https://i.pinimg.com/236x/41/24/20/412420ff478d61702257e3f0205bc006.jpg,https://www.pinterest.com/pin/330099847707999304/,
Dress to Impress: Men's Summer Chic,https://i.pinimg.com/236x/f1/ac/f6/f1acf62ca7ce80a0184198636af89158.jpg,https://www.pinterest.com/pin/484137028712344622/,
classy beach look,https://i.pinimg.com/236x/ed/e5/9d/ede59d9b7418ba9831d57cb9b1a94da5.jpg,https://www.pinterest.com/pin/265571709272982069/,perfect look for the summerx white linen pants and black oversized shirt
Summer Outfit Ideas for Men,https://i.pinimg.com/236x/75/09/1c/75091c4d8737a30469079d42fee37a9c.jpg,https://www.pinterest.com/pin/931541504179420237/,"Summer's here! Discover easy, casual outfits to keep you looking sharp in the heat. #SummerVibes #MensFashion #CasualOutfits @fits4men"
,https://i.pinimg.com/236x/c7/00/5e/c7005e706b1ea0fc7ae9468373c60140.jpg,https://www.pinterest.com/pin/6825836928383265/,
,https://i.pinimg.com/236x/ab/83/89/ab8389299ddfd805c304e667bee1eaaa.jpg,https://www.pinterest.com/pin/1900024838090579/,
Men's Summer Fashion - Latest Trends in 2024 - OnPointFresh,https://i.pinimg.com/236x/ea/80/2b/ea802b3591dcc40ce0896d2ff6b29024.jpg,https://www.pinterest.com/pin/344103227799851155/,Men‚Äôs Summer Fashion ‚Äì Latest Trends in 2024
,https://i.pinimg.com/236x/fd/ff/5f/fdff5f21f8a7a6fff8b5a813727fade0.jpg,https://www.pinterest.com/pin/492649952395856/,
2024 Guide to Men's Casual Streetwear: Elevate Your Style with These 18 Fresh Looks,https://i.pinimg.com/236x/bf/ea/44/bfea44094d6bd3a578d0ad4d7c57196a.jpg,https://www.pinterest.com/pin/553872454191147673/,2024 Guide to Men's Casual Streetwear: Elevate Your Style with These 18 Fresh Looks
Carhartt Men's Duck Detroit Jacket,https://i.pinimg.com/236x/96/96/81/9696815bfffc9f256839654c241cb998.jpg,https://www.pinterest.com/pin/588001295131080452/,#90s #workwear #detroit #carhartt #stylish
,https://i.pinimg.com/236x/81/7e/3c/817e3c1d10f6d1dcf8768098d8d78f3e.jpg,https://www.pinterest.com/pin/56506170342325337/,
,https://i.pinimg.com/236x/b2/79/e5/b279e51bf512e948f1d7ac73ae3d87e2.jpg,https://www.pinterest.com/pin/1125968651511475/,
,https://i.pinimg.com/236x/ae/2f/72/ae2f7272e928939469265df77615bc8f.jpg,https://www.pinterest.com/pin/4433299628689338/,
,https://i.pinimg.com/236x/88/6d/5a/886d5a0a274bc46b23a10a7dcf3c7ee4.jpg,https://www.pinterest.com/pin/1829656092161515/,
Victoria Beckham Demands Her Entire Stock Back Despite Collapsing Fashion Firm Promising To Pay,https://i.pinimg.com/236x/ad/52/52/ad525251705ccb6b41031a7cfdc77d9f.jpg,https://www.pinterest.com/pin/362469470037274792/,"Fashion: #fashion, #style, #outfitinspiration, #beauty"
Spring menswear 2024 15 ideas: Stylish outfits presented #3,https://i.pinimg.com/236x/65/3d/c0/653dc0997371f75824f481adc1321fdb.jpg,https://www.pinterest.com/pin/689191549260633531/,
,https://i.pinimg.com/236x/e2/bb/8e/e2bb8e497876fa0d096b70211462353a.jpg,https://www.pinterest.com/pin/5840674510606667/,
,https://i.pinimg.com/236x/67/ce/0f/67ce0f9bee05251a2c845b8b892914bc.jpg,https://www.pinterest.com/pin/27795722694881852/,#outfits #fashion
,https://i.pinimg.com/236x/d5/42/73/d542736620c6e44501e8bd8e58c25976.jpg,https://www.pinterest.com/pin/774124928958435/,
Want To Dress Like This For Fall But Don't Know Where To Start? We Got You!,https://i.pinimg.com/236x/83/a5/9c/83a59c97a3514efe8ec3b5bae99db58f.jpg,https://www.pinterest.com/pin/404479610301967394/,"Check out our men‚Äôs fall style guide, with wardrobe essentials, outfit ideas, and links to shop. Our top fall picks are perfect for a casual, laid-back street style. Featuring baggy jeans, oversized sweaters, plaid overshirts, and more."
Cotton On Men - Easy Short - Chocolate Cord  Size - L Unisex,https://i.pinimg.com/236x/74/c3/8e/74c38e3bb77e824902f95cce5b2af9d7.jpg,https://www.pinterest.com/pin/632544710197529780/,"It's All In The Name. The Easy Short Is Exactly That! Comfortable And Cool With Stretch For Added Comfort, These Shorts Will Quickly Become Your Go-To. Pair With A Basic Tee And Denim Jacket For Effortless Style.Features: Texture Woven Cottonrelaxed Fitelasticated Waistband With Flat Cotton Draw Cordfront Side Pocketssingle Back PocketCotton On Men - Easy Short - Chocolate CordCotton On | Men | Clothing | ShortsCotton On | Men | Clothing | ShortsCotton On | Men | Clothing | Shorts"
,https://i.pinimg.com/236x/f8/18/97/f818975fe030149fbfc8fd2fc9db219a.jpg,https://www.pinterest.com/pin/295548794320097795/,DANIEL SIMMONS (@imdanielsimmons) ‚Ä¢ Fotos y videos de Instagram
Chic and Cool: Perfect Summer Korean Outfit Ideas to Beat the Heat,https://i.pinimg.com/236x/b1/cc/d9/b1ccd9d755c3c6320e6e764e71da953f.jpg,https://www.pinterest.com/pin/670614200798175890/,"A quintessential summer Korean outfit combines elements of style, comfort, and practicality to create a look that is both trendy and suitable for hot weather. It often reflects the latest fashion trends while emphasizing light, breathable fabrics and a relaxed, casual vibe."
,https://i.pinimg.com/236x/e4/e4/11/e4e411446001c2052ed93fdfde730992.jpg,https://www.pinterest.com/pin/799670477614327121/,Reece Walker (@reeceawalker) ‚Ä¢ fotos e v√≠deos do Instagram
,https://i.pinimg.com/236x/7c/f4/01/7cf4015bab23bd643a8fdc60a1f50921.jpg,https://www.pinterest.com/pin/3025924743967716/,
,https://i.pinimg.com/236x/3d/74/65/3d7465bb13463faac4147703cf60aac2.jpg,https://www.pinterest.com/pin/1337074887437852/,jacob elordi in italy (2023)
Slides | as sand√°lias que os homens est√£o usando cada vez mais,https://i.pinimg.com/236x/6a/aa/99/6aaa995e43ed7c81563bb9cc7faa8f7c.jpg,https://www.pinterest.com/pin/790944753341130273/,Slides | as sand√°lias que os homens est√£o usando cada vez mais ‚Äì O Cara Fashion
The Best Adidas Samba Alternatives in 2024 - Blogpost,https://i.pinimg.com/236x/a9/14/ab/a914ab1f2f4789385f6799921c935aa3.jpg,https://www.pinterest.com/pin/730990583300587071/,Are you looking for the ultimate adidas samba alternatives? Then check out our article to update your adidas samba outfit with our hand-picked adidas samba alternatives. #samba #alternatives
,https://i.pinimg.com/236x/47/86/6c/47866c8350ae5654e3fb2b62ca067610.jpg,https://www.pinterest.com/pin/1337074888298002/,
9 Fashion Tips To Help Men Look Taller - OnPointFresh,https://i.pinimg.com/236x/07/65/38/07653899d05780222623afff09b1d895.jpg,https://www.pinterest.com/pin/915004849270465553/,
,https://i.pinimg.com/236x/eb/a0/2a/eba02a652bfa1ada3371b93da68c87fa.jpg,https://www.pinterest.com/pin/98445941848644812/,
,https://i.pinimg.com/236x/f0/e8/e1/f0e8e1bf30a5b16067fc605c501b03ee.jpg,https://www.pinterest.com/pin/4925880835323829/,
,https://i.pinimg.com/236x/88/9c/4c/889c4c597b9e37d794f93422a331482e.jpg,https://www.pinterest.com/pin/361976888819910976/,
,https://i.pinimg.com/236x/56/6f/65/566f65fb7488b3d6e2bc7a43046255bc.jpg,https://www.pinterest.com/pin/140806232550110/,
@ùöûùöóùöíùöèùöòùöõùöñùöçùöíùöúùöôùöïùöäùö¢ ùöòùöó ùöíùöê :),https://i.pinimg.com/236x/e1/f1/67/e1f167f6cee6c57717bb1816296de57e.jpg,https://www.pinterest.com/pin/2533343534993844/,
Ralph Lauren Vibes,https://i.pinimg.com/236x/73/ab/cb/73abcbe1ecc89fb13ede9b53b1f51a3a.jpg,https://www.pinterest.com/pin/77124212362257979/,
classy office look for men,https://i.pinimg.com/236x/ef/28/4a/ef284a836531c3cdf175d17bad6a775c.jpg,https://www.pinterest.com/pin/1477812373362225/,"fitted tank top with beige jeans, blue checked shirt and khaki cap"
Next POPLIN PLEAT CHINO SHORTS - Shorts - stone,https://i.pinimg.com/236x/67/d8/ef/67d8efd1fcb9ca084d2dc4f7aaa279a9.jpg,https://www.pinterest.com/pin/181269954048489183/,Next POPLIN PLEAT CHINO SHORTS - Shorts - stone
üòç,https://i.pinimg.com/236x/4a/05/7c/4a057c9afc8e765201b3f3f74dd19f76.jpg,https://www.pinterest.com/pin/910079037195511281/,"Sich in einem zeitlosen blauen Hemd zu kleiden, verleiht jedem Look einen Hauch von Eleganz und Vielseitigkeit. Dieses tiefblaue Hemd ist der Inbegriff von Stil und kann sowohl im B√ºro als auch bei Freizeitaktivit√§ten getragen werden. Holen Sie sich Inspiration f√ºr Ihre Garderobe und entdecken Sie die zeitlose Sch√∂nheit des Blaus!"
,https://i.pinimg.com/236x/04/04/bf/0404bfeb7d7ebe065008641d1cf234dc.jpg,https://www.pinterest.com/pin/4081455906325218/,
Men's Tank Tops Ideas: Streetwear with a Rugged Edge,https://i.pinimg.com/236x/df/c6/20/dfc62094ebb3e36d732f0cfba7a0a2a3.jpg,https://www.pinterest.com/pin/979603356447809645/,"This image portrays a strong streetwear vibe with a sleeveless black tank, featuring a minimal graphic. Paired with loose olive cargo pants and accented with practical accessories, this look is all about rugged urban exploration."
enreekei on insta,https://i.pinimg.com/236x/e4/bd/d0/e4bdd09720178f28d05823492ae499f8.jpg,https://www.pinterest.com/pin/13792342602530504/,
,https://i.pinimg.com/236x/4c/83/31/4c8331f6c0c70e27963355dbb3886718.jpg,https://www.pinterest.com/pin/211174975020912/,
Minimal black and white outfit idea for men,https://i.pinimg.com/236x/3f/fe/0a/3ffe0a31397588fb9bc02c6bc5de9252.jpg,https://www.pinterest.com/pin/109564203427716458/,
,https://i.pinimg.com/236x/48/fd/4c/48fd4ccfffd00941df98ecb89d4ea727.jpg,https://www.pinterest.com/pin/3799980929140529/,
Some recent outfits,https://i.pinimg.com/236x/f2/67/84/f26784df7e71eed886d887224bcc2ea4.jpg,https://www.pinterest.com/pin/1477812372545390/,
Manu,https://i.pinimg.com/236x/05/55/a4/0555a426bcf87fe766c5e4ef4bea67b5.jpg,https://www.pinterest.com/pin/140806231811853/,
brad pitt x triplezzy,https://i.pinimg.com/236x/25/8b/e2/258be29b71c1c40ff2915ecccd09764e.jpg,https://www.pinterest.com/pin/856035841705372087/,brad wearing cowboy's club tee
93 Mens Business Casual Outfits Recommendations You Never Thought Of,https://i.pinimg.com/236x/26/ab/f7/26abf7d7f7040063be0105419a2bb68d.jpg,https://www.pinterest.com/pin/516225176053213393/,
,https://i.pinimg.com/236x/3a/48/d6/3a48d6d00b2b2ac783c239ec1c750c4a.jpg,https://www.pinterest.com/pin/3588874696259696/,
,https://i.pinimg.com/236x/d5/3e/33/d53e33db9b972aa771514ff2ed88295d.jpg,https://www.pinterest.com/pin/3940718418907651/,
"‚ÄúIf You Say No, It‚Äôs A No Forever‚Äù: Zendaya‚Äôs Stylist Reveals Which Fashion Houses Dissed Her",https://i.pinimg.com/236x/81/a6/6d/81a66d152f1779888e8386d33263fd02.jpg,https://www.pinterest.com/pin/346284658867569263/,
Shop the Men‚Äôs Edit,https://i.pinimg.com/236x/02/e6/3a/02e63a30bc78ba25a96122a1c95f7ecc.jpg,https://www.pinterest.com/pin/838584393138558818/,
23 Men's Fall Outfits to Master Parisian Street Style,https://i.pinimg.com/236x/1c/c9/3c/1cc93cf1c83fa31ff8bd79c8069cdc13.jpg,https://www.pinterest.com/pin/342344009194817529/,23 Men's Fall Outfits to Master Parisian Street Style - MY CHIC OBSESSION
Basic spring outfits men‚Äôs streetwear 2024 16 ideas #1,https://i.pinimg.com/236x/3d/1f/17/3d1f178570a909093200c2983152617c.jpg,https://www.pinterest.com/pin/141581982030523210/,
mens outfits autumn cargo,https://i.pinimg.com/236x/5d/4c/de/5d4cde1726db8aa09bc7f588de00b1d5.jpg,https://www.pinterest.com/pin/25121710416585639/,mens aspen outfits mens outfits athletic mens outfits athleisure mens outfits attractive mens outfits athletic build mens outfits at home mens outfits atl mens outfits at night mens business casual outfits work attire mens business casual outfits summer work attire mens business outfits work attire mens beach wedding attire guest outfits for men athletic outfits mens street styles mens outfits autumn mens outfits autumn 2023 mens outfits australia mens outfits autumn cargo mens ou
Top 15 Chic & Aesthetic Winter Travel Outfits ‚Äì The Ultimate Guide,https://i.pinimg.com/236x/7f/17/be/7f17be4c38b75b91c1edbce3f98f8478.jpg,https://www.pinterest.com/pin/948218896545904798/,"Not My Pic, Please Dm for Credit/Removal. Visit BookOnBoard.com for simple travel outfits for winter, that are comfy & easy but also stylish outfits. Check out winter travel outfits, winter outfits, casual airport outfit winter, preppy traveling outfits, cute travel outfit ideas, travel outfits for women & men, europe trip outfits, outfits para turistear, travel outfit plane cold to warm, to add in your travel packing list #travelhacks #travelaesthetic #travelootd #traveltips #traveloutfits"
What to Wear in London: Your Ultimate Guide for Stylish Comfort Year-Round,https://i.pinimg.com/236x/d0/ea/8a/d0ea8ac04b1eddd8d2ff533b11c8a800.jpg,https://www.pinterest.com/pin/434878907792296307/,"Get your London outfit inspo at BookOnBoard.com & more chic London outfit ideas. From vintage & old money London outfits for men & women, London aesthetic outfits night, street style #londonoutfit to London summer outfit, London winter outfits, autumn, fall & spring, we‚Äôve got the #outfitinspo. Explore classy travel outfits, plus size Europe outfits, airport outfit, baddie outfits casual, #europeanfashion #londonfashion #londonaesthetic #travelaesthetic #travelootd #traveltips #traveloutfits"
,https://i.pinimg.com/236x/c4/41/24/c44124ba66add4c2dd04807b8d45e02c.jpg,https://www.pinterest.com/pin/703756186696442/,
,https://i.pinimg.com/236x/72/77/2e/72772e28a05ae621ee219ceb71f52743.jpg,https://www.pinterest.com/pin/34621490880233061/,
Men‚Äôs Fashion Inspiration,https://i.pinimg.com/236x/08/a5/05/08a505abd8a794dd28ea40c9f636fd09.jpg,https://www.pinterest.com/pin/3166662231771324/,@breiigonzalez
,https://i.pinimg.com/236x/52/c3/c7/52c3c70c1df3b796485181d6bdbbd7bf.jpg,https://www.pinterest.com/pin/290834088454182953/,‚ÄúPerfect Fit‚Äù Cropped ‚ÄúCrane‚Äù Tee via @degen.fitness
,https://i.pinimg.com/236x/7a/43/3e/7a433e796b05def3ca8ffe9e0c9ccdaa.jpg,https://www.pinterest.com/pin/484207397456574895/,
2024 outfit For man,https://i.pinimg.com/236x/d4/b6/c6/d4b6c61c88637a23757d412152c7dce6.jpg,https://www.pinterest.com/pin/180003317634779360/,Choose the pants from the link @Energy in Human
casual style,https://i.pinimg.com/236x/4f/f5/a9/4ff5a9d4831a11173d5f85c6e525baef.jpg,https://www.pinterest.com/pin/2814818511491368/,@juliusgod
,https://i.pinimg.com/236x/7b/ce/e8/7bcee83fa1a399d8fbe9212edb87b9d0.jpg,https://www.pinterest.com/pin/511088257729104219/,
,https://i.pinimg.com/236x/eb/d4/6e/ebd46e11e1ae877b59294c4f91e8427e.jpg,https://www.pinterest.com/pin/492649953271260/,
,https://i.pinimg.com/236x/dd/94/d1/dd94d1b6bf0d6b0512bdb042e2351b4c.jpg,https://www.pinterest.com/pin/1970393579922927/,
Business Casual #5 | Oversized Tee,https://i.pinimg.com/236x/2e/3b/e5/2e3be552dcb80f3b6c5f1977082d7bbf.jpg,https://www.pinterest.com/pin/1055599907381590/,
,https://i.pinimg.com/236x/fb/31/fa/fb31fa172a216f8613703b7794821d5c.jpg,https://www.pinterest.com/pin/68747799011/,
,https://i.pinimg.com/236x/67/cc/9e/67cc9e60f2650ec9e06bf7424e7d8f9a.jpg,https://www.pinterest.com/pin/8936899255918118/,
Outfit,https://i.pinimg.com/236x/7e/81/28/7e81282dda0d03316ff659fe75a524f6.jpg,https://www.pinterest.com/pin/422281209642047/,
,https://i.pinimg.com/236x/1e/3c/be/1e3cbe9291e548261d698c9289007b35.jpg,https://www.pinterest.com/pin/914862419333986/,
,https://i.pinimg.com/236x/4a/ca/1e/4aca1e5836a8f8da453f6d711897d26c.jpg,https://www.pinterest.com/pin/3237030976684505/,
Jacob Vause English (@jacob.vause) ‚Ä¢ Instagram photos and videos,https://i.pinimg.com/236x/2d/a9/22/2da92231a8636453ee4b2c81025364cb.jpg,https://www.pinterest.com/pin/4151824650510173/,
classy afternoon old money look,https://i.pinimg.com/236x/c9/4c/29/c94c29fda08f3e0c0bbbc3b20d95a666.jpg,https://www.pinterest.com/pin/8585055533916981/,perfect look for the diner - baggy linen pants and black shirt
OH Banker Stripe Buttoned Shirt - M / Blue,https://i.pinimg.com/236x/fc/e3/7e/fce37eb34fdaae96f0cc802c6c23ed0c.jpg,https://www.pinterest.com/pin/1062356999597020785/,Size (in cm) M L XL 2XL Chest 106 112 118 124 Shoulder 55 56 57 58 Sleeve 54 56 58 60 Length 73 75 77 79 More Sizing Information Below
Men's Clothing Online Stores: Cheap Casual Clothes For Men,https://i.pinimg.com/236x/ab/79/2b/ab792b3da0848734717d9282452442c9.jpg,https://www.pinterest.com/pin/93590498500906920/,Jacob Elordi | Page 3 | the Fashion Spot
Effortless Cool: Men's Casual Outfits for Everyday Style,https://i.pinimg.com/236x/06/15/51/0615519fa42bfa4c26c27257b34de8f6.jpg,https://www.pinterest.com/pin/125749014592216059/,"Elevate your everyday style with our men's casual outfit collection! From comfortable t-shirts and classic jeans to stylish sneakers and versatile jackets, our collection blends comfort with effortless cool. Whether you're hanging out with friends, running errands, or enjoying a casual dinner, our outfits keep you looking sharp and feeling comfortable. Embrace laid-back sophistication with pieces that reflect your personal style. #MensCasualOutfit #EverydayFashion #ComfortAndStyle #ClassicJeans #StylishSneakers #VersatileJackets #EffortlessCool #CasualChic #WeekendWear #FashionInspo #CasualStyle #ChillVibes #LaidBackLook #FashionForMen #DailyWear"
,https://i.pinimg.com/236x/de/2c/8e/de2c8ea1391ae803b47bdd0e63139663.jpg,https://www.pinterest.com/pin/211174977615431/,
ÈÄü‰πæ„Éâ„É©„Ç§„Çπ„Éù„Éº„ÉÜ„Ç£„Éº„Éë„É≥„ÉÑ,https://i.pinimg.com/236x/d5/a1/f4/d5a1f4e4536d1484381b661965845b00.jpg,https://www.pinterest.com/pin/497647827594046242/,ÈÄü‰πæ„Éâ„É©„Ç§„Çπ„Éù„Éº„ÉÜ„Ç£„Éº„Éë„É≥„ÉÑ ‚Äì NNine
15 California Clothing Brands For Casual Style (2024),https://i.pinimg.com/236x/ff/38/cc/ff38cc46a674a2d3bf78b8ba21457bf5.jpg,https://www.pinterest.com/pin/201113939604441160/,15 California Clothing Brands For Casual Style (2024) - The Good Trade
drop:one | autum:winter '23,https://i.pinimg.com/236x/10/9a/aa/109aaaa75e39c771bb7d1943976fdf4f.jpg,https://www.pinterest.com/pin/289848926036761365/,
,https://i.pinimg.com/236x/fe/3a/61/fe3a61195bc282dfd3d823d52ec0eb95.jpg,https://www.pinterest.com/pin/774124928917576/,
,https://i.pinimg.com/236x/cc/18/d2/cc18d2373d723fa4dcdc614174a78b52.jpg,https://www.pinterest.com/pin/1759287347735037/,
,https://i.pinimg.com/236x/a0/e7/87/a0e7874b2bde2b810ff6f1a7722f576a.jpg,https://www.pinterest.com/pin/570760952793287743/,Kit Blake | Summer holiday inspiration. | Instagram
@shk.suzeen,https://i.pinimg.com/236x/3e/f8/22/3ef8225d3f1bdf162ddb4c3ce2e0746a.jpg,https://www.pinterest.com/pin/1337074887654725/,
Malbon x Prince,https://i.pinimg.com/236x/a4/57/aa/a457aa49fc5e0181a7d396e0956d0355.jpg,https://www.pinterest.com/pin/609604499594981475/,Hit the court in style with Malbon x @PrinceSports Dropping Friday 3.29 @ 10am PST on malbongolf.com
The Greatest Adidas Samba Options in 2024 - Blogpost,https://i.pinimg.com/236x/f2/d5/ea/f2d5ea09430ecaa22f956b917514f0bd.jpg,https://www.pinterest.com/pin/4081455906082627/,The Greatest Adidas Samba Options in 2024 - Blogpost Check more at https://howcandothis.com/manstyle/the-greatest-adidas-samba-options-in-2024-blogpost/
,https://i.pinimg.com/236x/77/80/e7/7780e7a09da6fe65c8b00bc86cb9cbc4.jpg,https://www.pinterest.com/pin/14566398792124713/,"men's wears, simple cooperate wear for men"
MAX CARDIGAN,https://i.pinimg.com/236x/b2/74/a7/b274a7b2f7dc7d63105cc983a90fbc1e.jpg,https://www.pinterest.com/pin/398427898299817095/,
about that,https://i.pinimg.com/236x/50/7f/2d/507f2d9f714d4a0725c9f98569c5d0c7.jpg,https://www.pinterest.com/pin/281543724481694/,
Men's Spring Fashion 2024: Unveiling the Latest Trends and Styles,https://i.pinimg.com/236x/5f/47/13/5f471393df7050ca65b9289cd4669456.jpg,https://www.pinterest.com/pin/648518415127400103/,Spring men‚Äôs fashion 2024 15 ideas: Bold and timeless trends
,https://i.pinimg.com/236x/22/d2/87/22d287697e766362bdf0dbe1cee346ed.jpg,https://www.pinterest.com/pin/3307399720744605/,
Mens Crewneck Sweatshirts,https://i.pinimg.com/236x/87/6d/77/876d77c86ca2a8c819880b803f59ca09.jpg,https://www.pinterest.com/pin/590604938666334177/,
,https://i.pinimg.com/236x/9a/4d/dd/9a4ddd8c8f37f250bfdf54d70045d00e.jpg,https://www.pinterest.com/pin/415034921934689988/,"Ethan Kieffer on Instagram: ""Recent bits and fits üì∏ This week: A productive week in the city. Some of my fits from the week, some coffee pitstops, and a solid week of training. New YouTube this Sunday team ü§ùüèΩ"""
,https://i.pinimg.com/236x/b8/4a/4f/b84a4f392eea3eba1fb9f60c0677268e.jpg,https://www.pinterest.com/pin/630504016619873993/,Summer lights üåû ‚Äî‚Äî Lumi√®res d‚Äô√©t√© üåû #menstyle #ootd #outfit
,https://i.pinimg.com/236x/1f/93/a0/1f93a0926dd424d111d0b3e192117255.jpg,https://www.pinterest.com/pin/1548181164535718/,
,https://i.pinimg.com/236x/b6/a6/92/b6a692fcf7e3066f4bb17c078a485ec2.jpg,https://www.pinterest.com/pin/286330488804102324/,
Date night,https://i.pinimg.com/236x/36/e8/22/36e822d39c3eb1e41471cd4ad181c366.jpg,https://www.pinterest.com/pin/4644405859564789/,
M a r s,https://i.pinimg.com/236x/c8/5d/09/c85d096b821e326d4741a15191755b8e.jpg,https://www.pinterest.com/pin/514254851220354930/,"Men's Outfit inspiration and Ideas! Sailing into Summer: Channel old money elegance with this timeless navy blue striped shirt for men! Perfect for capturing nautical vibes and exuding sophistication, pair it with crisp white shorts or chinos for a classic seaside look. Whether you're strolling along the marina or enjoying cocktails on the deck, this outfit brings a touch of coastal charm to your summer wardrobe. Click the image to shop on Amazon and set sail in style!"
,https://i.pinimg.com/236x/03/11/15/0311154cafb4f143880084a5a5efef8f.jpg,https://www.pinterest.com/pin/68747341641/,
CLEAN FASHION IDEAS,https://i.pinimg.com/236x/90/52/13/905213ba3517a445c743980ac61e09e2.jpg,https://www.pinterest.com/pin/974536806861191168/,"üõçÔ∏è Plus Size Striped Print Shirt, Casual Long Sleeve Button Front Shirt, Women‚Äôs Plus Size Clothing and üõçÔ∏è Fashionable And Slim-fitting Men‚Äôs Suit Trousers, Suitable For Dates And Formal Occasions"
,https://i.pinimg.com/236x/07/9c/df/079cdf2b43609dbdf680c07fb18ea3b6.jpg,https://www.pinterest.com/pin/2533343536196138/,
Summer Essential #18,https://i.pinimg.com/236x/32/9b/d5/329bd512c5aec56e7a9bfb725f00f1af.jpg,https://www.pinterest.com/pin/310185493099328182/,
,https://i.pinimg.com/236x/e5/93/70/e59370cf0b98dc4ebbd68336d9ad970a.jpg,https://www.pinterest.com/pin/774124929465211/,
,https://i.pinimg.com/236x/2c/e4/10/2ce410563beab4a12074f66d12adc492.jpg,https://www.pinterest.com/pin/2885187255727998/,
,https://i.pinimg.com/236x/3e/00/e9/3e00e993678a39bb81ff9b510d229e28.jpg,https://www.pinterest.com/pin/703756187509862/,
Elevate Your Wardrobe: 16 Top Design for Men's Shirts in 2024 - Embrace the Latest Styles,https://i.pinimg.com/236x/e9/6e/80/e96e80bfd0283803da481bce019301e3.jpg,https://www.pinterest.com/pin/903042162770077873/,Tropical Fusion ‚Äì Vacation Mode On
Action Bronson Is Serving Up a Slice of New Balance Baklava,https://i.pinimg.com/236x/c4/a6/02/c4a602ad6b70c33e1e57a7593453ff35.jpg,https://www.pinterest.com/pin/734438651751608764/,
Bershka BOXY FIT CROPPED SHORT SLEEVE - - T-shirt basic - white,https://i.pinimg.com/236x/c9/b5/d4/c9b5d4ac0f54eb13672a675e7e1d8802.jpg,https://www.pinterest.com/pin/181269953914481123/,Bershka BOXY FIT CROPPED SHORT SLEEVE - - T-shirt basic - white
,https://i.pinimg.com/236x/41/5f/0c/415f0cc146f1d8d0153a17d3bff90a19.jpg,https://www.pinterest.com/pin/703756187119829/,
,https://i.pinimg.com/236x/99/7b/ca/997bca71400a2252dac0cc76beb2f462.jpg,https://www.pinterest.com/pin/4925880836667518/,
Body Shape & Men's Style - How To Dress For Your Body Type - RealMenRealStyle,https://i.pinimg.com/236x/e7/49/f1/e749f1dce9bad01f4c58213668fb75f8.jpg,https://www.pinterest.com/pin/79938962121735149/,How To Dress For Your Body Type | Men‚Äôs Style In Relation To Body Shape | Dressing More Attractive
"COS - Modern Style, Designed to Last",https://i.pinimg.com/236x/08/d2/83/08d283f86c61b139ef8791557fd55a7a.jpg,https://www.pinterest.com/pin/350436414750313409/,Cos ELASTICATED SLIM-FIT TROUSERS
68 Beach Wedding Guest Outfits For Men - Weddingomania,https://i.pinimg.com/236x/06/92/fc/0692fcc179ccbbb472a35df1f9c5cf08.jpg,https://www.pinterest.com/pin/980447781374661021/,68 Beach Wedding Guest Outfits For Men - Weddingomania
,https://i.pinimg.com/236x/a7/ba/cb/a7bacbd88010b2c5c0a61b43f1e68742.jpg,https://www.pinterest.com/pin/79305643432846171/,"A closer look at delivery:two of our coming:home capsule collection Delivery:two features our new Zev Tees, available in Navy/Yellow and Black/White. These tees use our ‚ÄúGio‚Äù silhouette, which is oversized and boxy, but not cropped. They fit similarly to the Sports Division Tee, Stacked Logo Tee, and Peloton Tee. Additionally, our bestselling Arched Logo Tees are restocking in seasonal colours for spring:summer ‚Äô24. These follow our ‚ÄúJosef‚Äù silhouette, also known as the ‚ÄúBox Tee,‚Äù which is ..."
6 ESTILOS que est√£o DOMINANDO a MODA MASCULINA | Qual deles voc√™ mais se Identifica?,https://i.pinimg.com/236x/ae/b7/b9/aeb7b94c5104e669ee8aa0f494417fde.jpg,https://www.pinterest.com/pin/572731277629316229/,Macho Moda - Blog de Moda Masculina: 6 ESTILOS que est√£o DOMINANDO a MODA MASCULINA | Qual deles voc√™ mais se Identifica?
"Moda Masculina Casual: Looks perfeitos para passeios, shows e rol√™s leves",https://i.pinimg.com/236x/3c/21/45/3c2145c17237729c909fcabafb80b859.jpg,https://www.pinterest.com/pin/504332858289026039/,"Moda Masculina Casual: Looks perfeitos para passeios, shows e rol√™s leves ‚Äì Bugre"
CAL√áA DE ALFAIATARIA: 18 Looks pra SE INSPIRAR e ONDE ENCONTRAR | Moda Masculina,https://i.pinimg.com/236x/af/e8/92/afe89272c425fbd2d172af2fff6c358c.jpg,https://www.pinterest.com/pin/572731277625618634/,Macho Moda - Blog de Moda Masculina: CAL√áA DE ALFAIATARIA: 18 Looks pra SE INSPIRAR e ONDE ENCONTRAR | Moda Masculina
"Heat Waves, Style Saves: Dapper Dudes of Summer",https://i.pinimg.com/236x/17/d6/db/17d6db54fe9490be29ca1c5fba4bd759.jpg,https://www.pinterest.com/pin/829577193889136165/,
15 Must-Have Fall Travel Outfits: Your Ultimate Guide to an Autumn Getaway,https://i.pinimg.com/236x/25/98/21/259821c028e3b0c9de15699ff5d90ef9.jpg,https://www.pinterest.com/pin/734720126779106940/,"Visit BookOnBoard.com for classy & casual fall travel outfits for women & men. Find european fall outfits, comfy late summer travel outfit, fall travel wardrobe, winter early fall outfits, chic old money travel fits, aesthetic fall outfits trendy in 2024 for germany japan paris italy, europe trip outfits, cute travel outfit ideas, outfits para turistear, airport travel outfit plane #travelhacks #travelaesthetic #travelootd #traveltips #traveloutfits #fallaesthetic #falloutfits #autumnoutfits"
about:blank | core lookbook,https://i.pinimg.com/236x/3a/05/3f/3a053f58b363021fb6c398955fab9cb3.jpg,https://www.pinterest.com/pin/859835753901057406/,
35 Men Before & After Being Sharp-Dressed Show How Clothing Changes Everything,https://i.pinimg.com/236x/3d/56/0e/3d560e49e1da64a9c21f9ed48029de84.jpg,https://www.pinterest.com/pin/474285404527550611/,#MensFashion #MensStyle #MensOutfit #MensWear #MensClothing #MensAccessories #MensOOTD #MensInspiration #MensStreetStyle #MensFashionBlog
OVERSHIRT MASCULINA: COMO USAR? 19 Inspira√ß√µes de Looks com esse Estilo de Camisa | Moda Masculina,https://i.pinimg.com/236x/9f/81/97/9f8197bd54b8c7854e595c51646cd6e6.jpg,https://www.pinterest.com/pin/1052786850390755239/,Macho Moda - Blog de Moda Masculina: OVERSHIRT MASCULINA: COMO USAR? 19 Inspira√ß√µes de Looks com esse Estilo de Camisa | Moda Masculina
Camisa Polo de Tric√¥,https://i.pinimg.com/236x/79/88/83/7988830799c3ba6c84d01eceb5e42b5a.jpg,https://www.pinterest.com/pin/1144688430282524466/,
Pac-Man Suit Takes A Bite Out Of Corporate Fashion,https://i.pinimg.com/236x/5a/d9/1f/5ad91f1a353fac73869405421174637d.jpg,https://www.pinterest.com/pin/54465476741362953/,
The Amazing Steampunk Fashion Of Retroscope Fashions,https://i.pinimg.com/236x/a4/19/bd/a419bd9d1f39580134c19a779734db9c.jpg,https://www.pinterest.com/pin/1011269291324805609/,
M a r s,https://i.pinimg.com/236x/16/4a/a1/164aa1ca60efcba1b2a47c92b311a31f.jpg,https://www.pinterest.com/pin/600526931592992309/,Click image to open the amazon link for the linen shirt #summer
Daniel Simmons,https://i.pinimg.com/236x/0f/74/72/0f7472173efcb9e0c8c86a211d040acb.jpg,https://www.pinterest.com/pin/293296994501370109/,
,https://i.pinimg.com/236x/2a/12/21/2a1221f9af367f781acfbc686b8147dd.jpg,https://www.pinterest.com/pin/664140276332677703/,
,https://i.pinimg.com/236x/2d/17/5a/2d175ac5408c914520cb1ea603f7d067.jpg,https://www.pinterest.com/pin/716002040788388652/,
Men‚Äôs outfit,https://i.pinimg.com/236x/a4/1e/12/a41e12b170051c47e8cbc0f1e88fd9c6.jpg,https://www.pinterest.com/pin/763571311857950248/,
Streetwear/Casual chic/Business professional/Grooming/Fashion,https://i.pinimg.com/236x/b8/d3/3f/b8d33f206e3d45b2a2ed9ec45ff7b613.jpg,https://www.pinterest.com/pin/1056305287596328925/,"Fashion Clothing: Suits, blazers, dress shirts, trousers, jeans, T-shirts, and sneakers Accessories: Watches, hats, sunglasses, scarves, belts, and bags Grooming Haircare: Styling, trimming, and grooming hair Shaving and beard care: Trimming, shaving, and maintaining facial hair Skincare: Cleansing, moisturizing, and protecting skin Lifestyle Fitness and wellness: Regular exercise, healthy eating, and self-care Interests and hobbies: Pursuing passions and interests outside of work."
Old Money Outfits For Men | Men's Fall Fashion Inspiration 2024 | Men's Street Style outfits ideas,https://i.pinimg.com/236x/be/a9/ee/bea9ee1c1eb1356dbd55bba55120cb86.jpg,https://www.pinterest.com/pin/500462577362533461/,"old money outfits men,guys clothing styles,9 Men‚Äôs Style Outfits Every Guy Should Look At For Inspiration,90s black men fashion,2024 outfits,jacob elordi outfits,fall fashion outfits,winter outfits,spring outfits 2024,coachella outfit men,prom outfits for guys,prom suits for men,men summer outfit,business casual outfits men,carhartt jacket outfit,fall fashion autumn,men fall fashion inspiration,Guys fall fashion outfit,mens fall fashion outfits autumn. old money outfits men,guys clothing styles,"
Old money Aesthetic outfits | Link in bio,https://i.pinimg.com/236x/f8/90/07/f89007a8576e7f62c5bd8ac747dccea8.jpg,https://www.pinterest.com/pin/562105597261112942/,"Old money aesthetic, internet personality, entrepreneur, fashion, lifestyle, outfit ideas , outfit inspiration 2024, mens outfit inspiration casual"
Ranking the Top N Men's Fashion Trends of 2021,https://i.pinimg.com/236x/ce/14/3e/ce143efada227904ad6c23d2cb46042d.jpg,https://www.pinterest.com/pin/389702174025421523/,Ranking the Top N Men's Fashion Trends of 2021Ranking the Top N Men's Fashion Trends of 2021
Fashion outfits man,https://i.pinimg.com/236x/f4/c7/4b/f4c74bd3f1b33e0c7d812e1147a5f982.jpg,https://www.pinterest.com/pin/366128644725976213/,
,https://i.pinimg.com/236x/cd/ac/8e/cdac8e3f479b5012f2d44d0906191cfd.jpg,https://www.pinterest.com/pin/152840981098580169/,"jonathan kirby on Instagram: ""#GRWM :) #outfitinspiration #outfitoftheday #mensfashion"""
Daniel Simmons,https://i.pinimg.com/236x/ce/b0/37/ceb03771b3737f63f3e55e94e4050255.jpg,https://www.pinterest.com/pin/723461127673742977/,
,https://i.pinimg.com/236x/e3/3a/a6/e33aa69d17a1ff2b451188beedc9f20c.jpg,https://www.pinterest.com/pin/288582288638683194/,"Instagram photo by DANIEL SIMMONS ‚Ä¢ Sep 6, 2023 at 5:52 AM"
Studio Vinco / Aparecido D,https://i.pinimg.com/236x/fa/34/02/fa340218deb13d010fb9607e2e7be666.jpg,https://www.pinterest.com/pin/788341109803184427/,
